label,caption,p0,p1,p2,p3,p4,p5,p6,p7,p8,p9,p10,p11,p12,p13,p14,p15,p16,p17,p18,p19,p20,p21,p22,p23,p24,p25,p26,p27,p28,p29,p30,p31,p32,p33,p34,p35,p36,p37,p38,p39,p40,p41,p42,p43,p44,p45,p46,p47,p48,p49,p50,p51,p52,p53,p54,p55,p56,p57,p58,p59,p60,p61,p62,p63,p64,p65,p66,p67,p68,p69,p70,p71,p72,p73,p74,p75,p76,p77,p78,p79,p80,p81,p82,p83,p84,p85,p86,p87,p88,p89,p90,p91,p92,p93,p94,p95,p96,p97,p98,p99,p100,p101,p102,p103,p104,p105,p106,p107,p108,p109,p110,p111,p112,p113,p114,p115,p116,p117,p118,p119,p120,p121,p122,p123,p124,p125,p126,p127,p128,p129,p130,p131,p132,p133,p134,p135,p136,p137,p138,p139,p140,p141,p142,p143,p144,p145,p146,p147,p148,p149,p150,p151,p152,p153,p154,p155,p156,p157,p158,p159,p160,p161,p162,p163,p164,p165,p166,p167,p168,p169,p170,p171,p172,p173,p174,p175,p176,p177,p178,p179,p180,p181,p182,p183,p184,p185,p186,p187,p188,p189,p190,p191,p192,p193,p194,p195,p196,p197,p198,p199,p200,p201,p202,p203,p204,p205,p206,p207,p208,p209,p210,p211,p212,p213,p214,p215,p216,p217,p218,p219,p220,p221,p222,p223,p224,p225,p226,p227,p228,p229,p230,p231,p232,p233,p234,p235,p236,p237,p238,p239,p240,p241,p242,p243,p244,p245,p246,p247,p248,p249,p250,p251,p252,p253,p254,p255
motorcycle,"A Honda motorcycle parked in a grass driveway",0.36,0.62,0.9,0.57,0.64,0.55,0.59,0.49,0.5,0.51,0.49,0.44,0.4,0.25,0.28,0.72,0.46,0.54,0.96,0.76,0.69,0.75,0.62,0.46,0.39,0.24,0.24,0.29,0.33,0.21,0.24,0.31,0.57,0.51,0.89,0.7,0.67,0.76,0.42,0.33,0.3,0.21,0.27,0.25,0.26,0.22,0.25,0.24,0.53,0.38,0.7,0.54,0.53,0.49,0.41,0.41,0.41,0.4,0.42,0.4,0.39,0.42,0.43,0.45,0.39,0.36,0.4,0.52,0.52,0.61,0.6,0.56,0.53,0.53,0.52,0.51,0.51,0.52,0.52,0.51,0.5,0.49,0.28,0.27,0.27,0.47,0.81,0.61,0.63,0.68,0.67,0.71,0.7,0.63,0.56,0.55,0.54,0.58,0.64,0.42,0.24,0.13,0.22,0.34,0.53,0.67,0.65,0.66,0.63,0.6,0.62,0.6,0.49,0.42,0.46,0.38,0.35,0.24,0.2,0.2,0.18,0.17,0.22,0.18,0.16,0.47,0.76,0.58,0.28,0.29,0.26,0.27,0.33,0.33,0.34,0.18,0.13,0.13,0.16,0.24,0.25,0.38,0.46,0.51,0.37,0.34,0.36,0.25,0.32,0.39,0.38,0.32,0.11,0.06,0.1,0.36,0.44,0.43,0.13,0.43,0.43,0.33,0.35,0.31,0.31,0.45,0.35,0.25,0.23,0.24,0.23,0.26,0.16,0.43,0.42,0.27,0.38,0.36,0.36,0.4,0.38,0.39,0.35,0.25,0.29,0.38,0.43,0.45,0.47,0.51,0.36,0.31,0.4,0.35,0.38,0.42,0.42,0.39,0.33,0.31,0.29,0.28,0.28,0.19,0.2,0.24,0.39,0.53,0.39,0.39,0.43,0.42,0.41,0.36,0.36,0.39,0.4,0.41,0.38,0.35,0.34,0.36,0.46,0.52,0.38,0.39,0.4,0.41,0.39,0.38,0.39,0.4,0.4,0.39,0.41,0.38,0.4,0.42,0.4,0.44,0.39,0.4,0.38,0.38,0.39,0.41,0.42,0.42,0.39,0.38,0.4,0.38,0.4,0.4,0.43,0.44
motorcycle,"Group of three motorcyclists standing in front of their motorcycles.",0.73,0.78,0.84,0.87,0.88,0.9,0.93,0.42,0.39,0.48,0.4,0.27,0.44,0.8,0.58,0.18,0.47,0.42,0.58,0.94,0.92,0.94,0.89,0.36,0.14,0.25,0.24,0.27,0.22,0.29,0.29,0.12,0.23,0.27,0.38,0.75,0.83,0.9,0.78,0.38,0.17,0.16,0.18,0.26,0.25,0.28,0.16,0.16,0.16,0.25,0.28,0.23,0.13,0.6,0.83,0.64,0.33,0.27,0.24,0.24,0.27,0.46,0.31,0.29,0.16,0.36,0.31,0.23,0.16,0.37,0.57,0.45,0.27,0.47,0.38,0.16,0.19,0.25,0.28,0.37,0.09,0.32,0.4,0.39,0.41,0.39,0.47,0.29,0.07,0.34,0.38,0.11,0.25,0.34,0.35,0.36,0.06,0.29,0.6,0.6,0.6,0.61,0.48,0.29,0.25,0.49,0.38,0.27,0.33,0.34,0.19,0.42,0.03,0.33,0.69,0.65,0.69,0.7,0.26,0.28,0.48,0.44,0.09,0.33,0.15,0.0,0.03,0.2,0.09,0.4,0.77,0.71,0.76,0.75,0.3,0.1,0.38,0.48,0.07,0.12,0.13,0.07,0.27,0.13,0.05,0.34,0.77,0.73,0.76,0.67,0.28,0.09,0.2,0.36,0.18,0.14,0.08,0.07,0.12,0.16,0.0,0.38,0.74,0.69,0.73,0.65,0.39,0.16,0.08,0.27,0.24,0.13,0.18,0.09,0.37,0.42,0.01,0.48,0.73,0.66,0.71,0.41,0.16,0.2,0.07,0.12,0.29,0.27,0.13,0.13,0.39,0.32,0.07,0.61,0.71,0.71,0.49,0.24,0.17,0.11,0.1,0.08,0.18,0.58,0.27,0.24,0.17,0.17,0.1,0.57,0.65,0.58,0.43,0.31,0.2,0.13,0.08,0.06,0.16,0.55,0.53,0.56,0.53,0.18,0.18,0.46,0.6,0.49,0.61,0.48,0.24,0.16,0.15,0.07,0.44,0.69,0.67,0.69,0.38,0.21,0.6,0.64,0.59,0.6,0.61,0.65,0.44,0.19,0.24,0.23,0.56,0.65,0.63,0.61,0.25,0.19
motorcycle,"A customized motorcycle with a large rear and skinny front tire",0.07,0.1,0.16,0.3,0.23,0.14,0.16,0.29,0.28,0.15,0.07,0.14,0.11,0.11,0.06,0.05,0.34,0.21,0.31,0.44,0.19,0.27,0.49,0.33,0.4,0.44,0.2,0.2,0.19,0.19,0.09,0.2,0.26,0.26,0.27,0.24,0.1,0.13,0.32,0.21,0.18,0.14,0.21,0.35,0.33,0.24,0.07,0.09,0.09,0.36,0.23,0.13,0.09,0.07,0.05,0.08,0.16,0.14,0.16,0.31,0.17,0.09,0.13,0.07,0.24,0.32,0.28,0.19,0.16,0.05,0.11,0.08,0.09,0.15,0.11,0.15,0.07,0.14,0.25,0.16,0.3,0.3,0.23,0.2,0.22,0.13,0.11,0.15,0.11,0.08,0.23,0.09,0.17,0.25,0.4,0.41,0.31,0.25,0.19,0.15,0.4,0.36,0.4,0.35,0.1,0.15,0.27,0.33,0.4,0.31,0.34,0.36,0.18,0.22,0.17,0.28,0.51,0.45,0.38,0.41,0.33,0.19,0.16,0.29,0.34,0.13,0.07,0.11,0.11,0.31,0.15,0.18,0.36,0.52,0.54,0.3,0.64,0.31,0.12,0.13,0.15,0.08,0.07,0.09,0.18,0.23,0.13,0.33,0.53,0.53,0.53,0.27,0.54,0.21,0.06,0.2,0.14,0.08,0.24,0.16,0.24,0.18,0.03,0.28,0.52,0.4,0.52,0.59,0.49,0.2,0.14,0.07,0.05,0.15,0.25,0.18,0.17,0.31,0.07,0.29,0.62,0.49,0.32,0.51,0.48,0.4,0.13,0.14,0.16,0.23,0.12,0.13,0.13,0.33,0.09,0.37,0.57,0.61,0.53,0.44,0.43,0.33,0.12,0.13,0.13,0.18,0.06,0.08,0.23,0.09,0.09,0.36,0.41,0.46,0.3,0.23,0.31,0.33,0.18,0.06,0.04,0.09,0.07,0.06,0.3,0.29,0.34,0.37,0.39,0.42,0.44,0.4,0.36,0.35,0.18,0.17,0.09,0.04,0.05,0.06,0.18,0.22,0.25,0.26,0.25,0.28,0.31,0.31,0.31,0.26,0.22,0.16,0.14,0.06,0.03,0.02
motorcycle,"A motorcycle is parked on a dirt road in a forest.",0.15,0.15,0.14,0.19,0.22,0.22,0.24,0.39,0.5,0.54,0.54,0.41,0.43,0.45,0.43,0.38,0.2,0.13,0.13,0.16,0.23,0.24,0.26,0.35,0.4,0.47,0.49,0.45,0.41,0.31,0.36,0.32,0.17,0.12,0.13,0.14,0.2,0.21,0.29,0.31,0.38,0.43,0.37,0.38,0.38,0.39,0.32,0.29,0.31,0.19,0.11,0.11,0.16,0.21,0.23,0.28,0.38,0.34,0.2,0.18,0.26,0.37,0.22,0.21,0.32,0.19,0.13,0.15,0.15,0.22,0.22,0.25,0.37,0.32,0.17,0.12,0.19,0.12,0.1,0.13,0.24,0.08,0.14,0.13,0.13,0.18,0.22,0.31,0.32,0.25,0.12,0.09,0.11,0.09,0.09,0.09,0.24,0.11,0.12,0.07,0.13,0.21,0.23,0.36,0.35,0.18,0.08,0.04,0.08,0.09,0.07,0.05,0.19,0.13,0.09,0.07,0.13,0.24,0.22,0.27,0.25,0.2,0.03,0.02,0.04,0.06,0.06,0.02,0.4,0.13,0.11,0.13,0.16,0.23,0.29,0.43,0.38,0.27,0.15,0.16,0.13,0.1,0.11,0.13,0.4,0.17,0.13,0.16,0.3,0.33,0.42,0.47,0.57,0.66,0.71,0.25,0.15,0.2,0.2,0.27,0.21,0.18,0.2,0.27,0.31,0.35,0.34,0.43,0.51,0.55,0.59,0.26,0.17,0.42,0.36,0.34,0.15,0.18,0.24,0.27,0.28,0.25,0.2,0.35,0.42,0.36,0.33,0.27,0.28,0.4,0.45,0.47,0.24,0.29,0.28,0.27,0.27,0.37,0.32,0.28,0.29,0.28,0.32,0.35,0.35,0.33,0.39,0.42,0.32,0.35,0.32,0.32,0.24,0.22,0.26,0.28,0.27,0.29,0.33,0.3,0.31,0.32,0.39,0.45,0.17,0.19,0.18,0.18,0.19,0.22,0.27,0.31,0.32,0.33,0.33,0.42,0.45,0.4,0.4,0.4,0.23,0.17,0.15,0.2,0.24,0.27,0.28,0.29,0.29,0.28,0.31,0.38,0.46,0.5,0.42,0.39
motorcycle,"A lone motorcycle parked in parking space at night.",0.25,0.25,0.26,0.26,0.27,0.27,0.29,0.54,0.33,0.31,0.32,0.33,0.33,0.34,0.34,0.34,0.29,0.3,0.3,0.29,0.29,0.28,0.31,0.33,0.35,0.37,0.4,0.42,0.44,0.44,0.44,0.44,0.31,0.27,0.3,0.26,0.29,0.4,0.33,0.22,0.24,0.36,0.28,0.36,0.38,0.35,0.4,0.47,0.22,0.13,0.11,0.15,0.13,0.23,0.16,0.09,0.1,0.2,0.06,0.11,0.13,0.08,0.13,0.2,0.1,0.09,0.14,0.18,0.24,0.2,0.22,0.28,0.28,0.27,0.2,0.15,0.13,0.1,0.07,0.05,0.15,0.21,0.28,0.34,0.31,0.34,0.35,0.33,0.32,0.28,0.25,0.24,0.22,0.21,0.2,0.19,0.21,0.25,0.22,0.22,0.24,0.23,0.26,0.33,0.32,0.33,0.34,0.22,0.3,0.28,0.26,0.25,0.21,0.2,0.19,0.2,0.24,0.19,0.16,0.27,0.44,0.38,0.29,0.18,0.31,0.35,0.3,0.29,0.19,0.2,0.22,0.25,0.29,0.3,0.2,0.12,0.15,0.31,0.17,0.22,0.28,0.28,0.25,0.29,0.2,0.22,0.21,0.22,0.26,0.22,0.33,0.25,0.16,0.11,0.27,0.2,0.25,0.23,0.26,0.2,0.31,0.2,0.21,0.22,0.26,0.21,0.24,0.2,0.15,0.18,0.41,0.34,0.35,0.3,0.39,0.27,0.47,0.18,0.22,0.2,0.22,0.25,0.24,0.13,0.05,0.04,0.15,0.35,0.44,0.32,0.33,0.38,0.5,0.24,0.19,0.22,0.24,0.24,0.27,0.32,0.31,0.24,0.15,0.24,0.3,0.28,0.22,0.2,0.39,0.41,0.16,0.22,0.23,0.22,0.19,0.22,0.29,0.33,0.17,0.18,0.26,0.22,0.22,0.2,0.22,0.54,0.21,0.2,0.21,0.21,0.22,0.24,0.24,0.26,0.27,0.23,0.2,0.2,0.14,0.25,0.13,0.48,0.41,0.16,0.22,0.23,0.23,0.23,0.24,0.23,0.22,0.22,0.21,0.17,0.15,0.38
motorcycle,"A man riding a motorcycle with a woman on the back.",1.0,1.0,1.0,1.0,1.0,1.0,1.0,1.0,1.0,1.0,0.99,1.0,1.0,1.0,0.92,0.93,1.0,1.0,1.0,1.0,1.0,1.0,1.0,0.99,0.99,0.98,1.0,0.97,0.86,0.66,0.43,0.41,0.89,0.89,0.89,0.88,0.88,0.88,0.87,0.87,0.86,0.85,0.78,0.49,0.2,0.08,0.15,0.11,0.89,0.89,0.88,0.92,0.91,0.87,0.87,0.87,0.9,0.73,0.32,0.06,0.09,0.08,0.07,0.07,0.83,0.83,0.84,0.51,0.56,0.85,0.84,0.75,0.69,0.52,0.18,0.06,0.07,0.1,0.1,0.07,0.81,0.84,0.86,0.56,0.62,0.81,0.76,0.62,0.1,0.12,0.15,0.13,0.07,0.14,0.27,0.29,0.93,0.95,0.89,0.71,0.85,0.31,0.55,0.51,0.12,0.06,0.15,0.13,0.06,0.12,0.21,0.28,0.75,0.96,0.71,0.39,0.61,0.3,0.27,0.09,0.13,0.09,0.17,0.18,0.44,0.61,0.59,0.38,0.65,0.78,0.75,0.74,0.53,0.21,0.22,0.3,0.17,0.13,0.25,0.32,0.55,0.76,0.5,0.35,0.65,0.67,0.69,0.6,0.4,0.2,0.22,0.23,0.15,0.11,0.31,0.62,0.63,0.64,0.71,0.71,0.7,0.71,0.7,0.4,0.24,0.17,0.05,0.02,0.05,0.09,0.05,0.47,0.75,0.81,0.79,0.73,0.72,0.73,0.73,0.31,0.37,0.2,0.11,0.03,0.01,0.09,0.0,0.61,0.79,0.75,0.75,0.74,0.59,0.65,0.71,0.59,0.35,0.27,0.53,0.34,0.2,0.09,0.07,0.65,0.73,0.73,0.75,0.65,0.7,0.73,0.71,0.73,0.53,0.5,0.6,0.51,0.45,0.32,0.38,0.54,0.55,0.58,0.56,0.55,0.69,0.74,0.75,0.75,0.77,0.71,0.65,0.63,0.6,0.62,0.61,0.56,0.57,0.56,0.53,0.55,0.73,0.71,0.68,0.67,0.66,0.65,0.65,0.64,0.66,0.65,0.64,0.63,0.62,0.6,0.56,0.48
motorcycle,"A parked motorcycle next to a green tent.",0.42,0.35,0.12,0.22,0.43,0.73,0.78,0.77,0.77,0.67,0.51,0.38,0.72,0.67,0.64,0.74,0.21,0.23,0.11,0.19,0.45,0.8,0.94,0.86,0.74,0.64,0.36,0.35,0.69,0.65,0.71,0.73,0.08,0.07,0.14,0.18,0.45,0.76,0.95,0.68,0.43,0.58,0.28,0.23,0.79,0.84,0.81,0.78,0.16,0.09,0.13,0.15,0.23,0.39,0.61,0.37,0.25,0.25,0.15,0.13,0.6,0.58,0.44,0.29,0.18,0.17,0.16,0.23,0.27,0.24,0.27,0.25,0.2,0.17,0.18,0.2,0.26,0.15,0.14,0.16,0.14,0.19,0.33,0.45,0.48,0.44,0.29,0.19,0.24,0.23,0.18,0.18,0.18,0.16,0.14,0.13,0.21,0.29,0.31,0.36,0.36,0.4,0.48,0.33,0.35,0.34,0.26,0.24,0.35,0.3,0.26,0.23,0.24,0.27,0.3,0.31,0.14,0.27,0.36,0.34,0.27,0.25,0.34,0.46,0.24,0.29,0.24,0.26,0.2,0.2,0.25,0.25,0.24,0.25,0.17,0.15,0.18,0.3,0.26,0.25,0.3,0.27,0.19,0.2,0.22,0.24,0.26,0.27,0.29,0.32,0.22,0.09,0.11,0.15,0.07,0.09,0.21,0.24,0.28,0.25,0.23,0.24,0.27,0.28,0.27,0.28,0.3,0.11,0.1,0.08,0.03,0.05,0.11,0.15,0.22,0.24,0.2,0.24,0.26,0.23,0.24,0.26,0.25,0.22,0.16,0.07,0.08,0.13,0.18,0.18,0.16,0.22,0.23,0.25,0.21,0.21,0.21,0.21,0.2,0.18,0.12,0.06,0.11,0.2,0.2,0.2,0.19,0.19,0.16,0.17,0.18,0.2,0.22,0.22,0.17,0.17,0.1,0.11,0.13,0.15,0.18,0.17,0.19,0.18,0.11,0.15,0.2,0.22,0.23,0.22,0.17,0.16,0.11,0.15,0.22,0.15,0.14,0.15,0.18,0.16,0.11,0.13,0.16,0.15,0.2,0.2,0.19,0.16,0.13,0.1,0.14,0.16,0.17,0.18,0.2,0.14
motorcycle,"A police man on a motorcycle is idle in front of a bush.",0.35,0.36,0.35,0.2,0.27,0.37,0.35,0.4,0.36,0.35,0.38,0.37,0.26,0.28,0.21,0.2,0.36,0.41,0.38,0.2,0.26,0.4,0.38,0.38,0.35,0.24,0.36,0.33,0.25,0.2,0.16,0.25,0.3,0.28,0.4,0.31,0.27,0.39,0.37,0.38,0.38,0.32,0.4,0.41,0.35,0.47,0.4,0.41,0.2,0.36,0.93,0.47,0.21,0.32,0.29,0.37,0.38,0.4,0.44,0.42,0.4,0.53,0.4,0.29,0.25,0.33,0.2,0.19,0.33,0.33,0.34,0.38,0.36,0.39,0.39,0.42,0.49,0.29,0.29,0.29,0.3,0.27,0.27,0.29,0.33,0.35,0.36,0.48,0.43,0.34,0.36,0.38,0.46,0.38,0.33,0.35,0.26,0.22,0.44,0.25,0.27,0.24,0.27,0.44,0.58,0.35,0.33,0.39,0.39,0.38,0.23,0.28,0.27,0.1,0.27,0.26,0.34,0.32,0.25,0.16,0.11,0.29,0.38,0.44,0.39,0.35,0.16,0.2,0.27,0.05,0.17,0.29,0.26,0.34,0.29,0.13,0.09,0.22,0.53,0.42,0.36,0.26,0.09,0.13,0.23,0.11,0.12,0.23,0.45,0.73,0.69,0.27,0.25,0.45,0.51,0.43,0.32,0.15,0.06,0.22,0.12,0.11,0.07,0.18,0.41,0.49,0.49,0.47,0.48,0.52,0.38,0.34,0.35,0.18,0.06,0.24,0.23,0.17,0.05,0.16,0.26,0.43,0.4,0.25,0.4,0.4,0.45,0.25,0.38,0.38,0.09,0.15,0.16,0.08,0.05,0.26,0.29,0.38,0.37,0.28,0.29,0.12,0.5,0.6,0.39,0.31,0.11,0.08,0.22,0.25,0.18,0.33,0.5,0.47,0.38,0.35,0.33,0.35,0.47,0.65,0.42,0.29,0.24,0.31,0.33,0.58,0.29,0.3,0.64,0.5,0.33,0.71,0.78,0.48,0.56,0.48,0.42,0.77,0.88,0.85,0.6,0.65,0.5,0.48,0.73,0.75,0.75,0.77,0.76,0.64,0.5,0.53,0.73,0.87,0.85,0.87
motorcycle,"a group of people gathered around an old dirty vintage motorcycle",0.14,0.42,0.45,0.07,0.13,0.4,0.44,0.44,0.4,0.39,0.17,0.39,0.35,0.29,0.3,0.32,0.03,0.36,0.44,0.14,0.08,0.33,0.29,0.32,0.36,0.35,0.2,0.31,0.22,0.17,0.24,0.34,0.48,0.56,0.62,0.5,0.33,0.19,0.14,0.22,0.51,0.39,0.33,0.29,0.2,0.08,0.44,0.92,0.66,0.78,0.49,0.47,0.51,0.32,0.35,0.52,0.56,0.36,0.47,0.65,0.25,0.14,0.65,0.53,0.52,0.55,0.65,0.37,0.66,0.82,0.85,0.77,0.65,0.44,0.45,0.72,0.28,0.05,0.23,0.06,0.36,0.35,0.52,0.56,0.62,0.36,0.34,0.51,0.71,0.54,0.36,0.45,0.48,0.41,0.35,0.21,0.1,0.36,0.33,0.22,0.34,0.14,0.1,0.52,0.59,0.36,0.55,0.56,0.5,0.6,0.73,0.71,0.25,0.29,0.27,0.36,0.37,0.08,0.36,0.67,0.35,0.37,0.49,0.67,0.33,0.15,0.25,0.4,0.24,0.21,0.17,0.3,0.34,0.36,0.42,0.45,0.29,0.42,0.32,0.54,0.56,0.27,0.37,0.21,0.12,0.2,0.31,0.22,0.12,0.18,0.29,0.31,0.35,0.35,0.31,0.47,0.57,0.29,0.34,0.35,0.13,0.25,0.61,0.62,0.4,0.4,0.39,0.55,0.46,0.28,0.43,0.41,0.46,0.46,0.47,0.71,0.22,0.26,0.31,0.38,0.34,0.48,0.57,0.63,0.6,0.4,0.35,0.68,0.48,0.36,0.63,0.82,0.62,0.62,0.4,0.21,0.18,0.18,0.25,0.2,0.35,0.65,0.27,0.48,0.82,0.74,0.82,0.79,0.81,0.81,0.85,0.65,0.4,0.23,0.23,0.22,0.24,0.3,0.25,0.13,0.45,0.58,0.43,0.27,0.78,0.79,0.78,0.83,0.77,0.69,0.64,0.42,0.27,0.28,0.28,0.31,0.22,0.19,0.25,0.61,0.79,0.78,0.81,0.85,0.86,0.79,0.79,0.78,0.52,0.43,0.35,0.37,0.4,0.44,0.43,0.48
motorcycle,"A black cat meanders up the walkway in front of a motorcycle in front of a house.",0.38,0.49,0.5,0.51,0.53,0.4,0.57,0.82,0.67,0.57,0.47,0.33,0.25,0.43,0.53,0.44,0.33,0.46,0.51,0.51,0.53,0.51,0.64,0.7,0.54,0.63,0.37,0.28,0.54,0.66,0.45,0.46,0.29,0.42,0.48,0.49,0.53,0.38,0.71,0.79,0.39,0.58,0.52,0.34,0.49,0.55,0.44,0.38,0.36,0.43,0.41,0.41,0.37,0.56,0.36,0.31,0.4,0.28,0.26,0.45,0.49,0.35,0.39,0.55,0.38,0.36,0.37,0.4,0.37,0.63,0.05,0.18,0.5,0.36,0.52,0.38,0.46,0.25,0.32,0.53,0.33,0.32,0.34,0.3,0.48,0.49,0.09,0.39,0.32,0.14,0.44,0.41,0.15,0.27,0.33,0.2,0.2,0.25,0.32,0.31,0.47,0.28,0.22,0.59,0.3,0.23,0.38,0.4,0.06,0.24,0.31,0.12,0.18,0.2,0.28,0.39,0.42,0.15,0.18,0.55,0.39,0.49,0.4,0.24,0.14,0.18,0.24,0.12,0.2,0.21,0.27,0.42,0.31,0.13,0.46,0.47,0.11,0.49,0.24,0.13,0.09,0.16,0.24,0.16,0.24,0.22,0.32,0.34,0.2,0.2,0.65,0.38,0.15,0.44,0.59,0.42,0.19,0.39,0.31,0.4,0.21,0.24,0.31,0.31,0.11,0.4,0.61,0.31,0.47,0.42,0.69,0.56,0.19,0.25,0.35,0.45,0.35,0.38,0.25,0.27,0.2,0.49,0.44,0.15,0.29,0.37,0.3,0.29,0.32,0.36,0.41,0.58,0.52,0.31,0.17,0.15,0.19,0.21,0.36,0.33,0.2,0.23,0.3,0.15,0.09,0.22,0.49,0.52,0.51,0.2,0.12,0.16,0.2,0.22,0.33,0.42,0.42,0.42,0.43,0.27,0.13,0.33,0.46,0.5,0.5,0.32,0.07,0.11,0.25,0.33,0.27,0.47,0.44,0.43,0.43,0.42,0.5,0.57,0.57,0.58,0.42,0.33,0.05,0.09,0.18,0.42,0.32,0.52,0.49,0.53,0.55,0.6,0.62,0.62,0.61,0.6
motorcycle,"A white motorcycle parked next to a sidewalk.",0.98,0.87,0.73,0.75,0.87,0.78,0.78,0.52,0.67,0.67,0.7,0.41,0.38,0.7,0.5,0.42,0.8,0.65,0.76,0.88,0.85,0.81,0.79,0.64,0.69,0.63,0.74,0.58,0.36,0.31,0.56,0.47,0.71,0.63,0.61,0.81,0.78,0.73,0.75,0.73,0.57,0.66,0.76,0.83,0.77,0.74,0.82,0.71,0.41,0.22,0.29,0.75,0.68,0.76,0.77,0.62,0.66,0.53,0.49,0.78,0.72,0.6,0.3,0.36,0.12,0.06,0.16,0.55,0.63,0.65,0.62,0.59,0.51,0.59,0.49,0.59,0.35,0.27,0.27,0.05,0.48,0.31,0.17,0.44,0.61,0.66,0.65,0.57,0.88,1.0,0.94,0.58,0.61,0.53,0.57,0.43,0.63,0.49,0.28,0.48,0.52,0.49,0.48,0.65,0.73,0.55,0.68,0.69,0.73,0.81,0.75,0.68,0.57,0.38,0.66,0.53,0.56,0.52,0.2,0.29,0.15,0.25,0.82,0.87,0.8,0.49,0.62,0.77,0.63,0.76,0.51,0.21,0.3,0.49,0.4,0.24,0.25,0.31,0.25,0.3,0.52,0.58,0.34,0.45,0.72,0.51,0.2,0.57,0.27,0.21,0.24,0.26,0.24,0.22,0.19,0.14,0.49,0.51,0.16,0.17,0.48,0.25,0.33,0.53,0.38,0.21,0.27,0.33,0.23,0.18,0.16,0.29,0.29,0.13,0.18,0.26,0.58,0.43,0.22,0.41,0.35,0.2,0.27,0.3,0.24,0.22,0.25,0.31,0.34,0.16,0.18,0.24,0.56,0.55,0.33,0.13,0.14,0.2,0.26,0.26,0.23,0.23,0.25,0.26,0.29,0.24,0.11,0.13,0.6,0.55,0.24,0.2,0.18,0.23,0.26,0.25,0.24,0.24,0.24,0.26,0.27,0.26,0.24,0.27,0.58,0.47,0.25,0.29,0.21,0.27,0.29,0.29,0.3,0.29,0.29,0.29,0.31,0.31,0.34,0.35,0.53,0.34,0.2,0.18,0.24,0.27,0.27,0.3,0.3,0.28,0.28,0.3,0.3,0.32,0.36,0.35
motorcycle,"A person riding a motorcycle in an abandoned stone building",0.38,0.38,0.49,0.56,0.7,0.93,0.99,1.0,1.0,0.98,1.0,0.76,0.44,0.61,0.93,0.66,0.38,0.33,0.34,0.49,0.46,0.51,0.65,0.71,0.95,1.0,0.98,0.65,0.34,0.46,1.0,0.62,0.34,0.25,0.31,0.4,0.38,0.4,0.38,0.44,0.63,0.75,0.62,0.42,0.45,0.59,0.96,0.58,0.31,0.29,0.35,0.33,0.42,0.44,0.3,0.44,0.33,0.33,0.39,0.44,0.56,0.55,0.6,0.36,0.35,0.39,0.37,0.23,0.26,0.4,0.29,0.45,0.38,0.5,0.38,0.3,0.48,0.5,0.45,0.44,0.39,0.35,0.35,0.2,0.17,0.18,0.23,0.45,0.38,0.39,0.36,0.24,0.47,0.52,0.43,0.39,0.3,0.35,0.37,0.27,0.2,0.14,0.27,0.53,0.45,0.31,0.39,0.33,0.49,0.46,0.42,0.37,0.22,0.35,0.35,0.28,0.26,0.13,0.27,0.56,0.47,0.4,0.44,0.39,0.5,0.36,0.38,0.4,0.26,0.31,0.33,0.24,0.24,0.15,0.37,0.44,0.41,0.31,0.26,0.4,0.37,0.42,0.51,0.42,0.62,0.61,0.59,0.54,0.5,0.37,0.3,0.2,0.44,0.35,0.34,0.15,0.24,0.5,0.47,0.42,0.42,0.33,0.28,0.22,0.2,0.12,0.12,0.12,0.08,0.14,0.18,0.1,0.3,0.45,0.43,0.48,0.05,0.09,0.12,0.23,0.13,0.2,0.19,0.24,0.22,0.35,0.36,0.27,0.31,0.43,0.4,0.4,0.18,0.11,0.11,0.12,0.16,0.25,0.29,0.4,0.43,0.44,0.49,0.49,0.35,0.38,0.42,0.44,0.15,0.24,0.1,0.1,0.21,0.2,0.27,0.35,0.38,0.4,0.41,0.44,0.2,0.14,0.33,0.43,0.07,0.2,0.07,0.13,0.17,0.17,0.22,0.31,0.36,0.42,0.44,0.42,0.31,0.25,0.39,0.4,0.07,0.14,0.05,0.11,0.11,0.13,0.28,0.35,0.38,0.41,0.42,0.38,0.38,0.39,0.3,0.39
motorcycle,"A show floor with a shiny blue motorcycle surrounded by bars.",0.11,0.09,0.08,0.26,0.4,0.49,0.23,0.02,0.06,0.0,0.13,0.09,0.0,0.01,0.02,0.02,0.3,0.25,0.3,0.46,0.48,0.56,0.33,0.14,0.19,0.15,0.29,0.16,0.08,0.08,0.09,0.11,0.51,0.21,0.36,0.55,0.49,0.56,0.51,0.36,0.46,0.55,0.36,0.47,0.4,0.36,0.36,0.36,0.45,0.34,0.42,0.5,0.48,0.52,0.53,0.4,0.33,0.42,0.21,0.34,0.56,0.45,0.44,0.45,0.51,0.53,0.51,0.38,0.44,0.42,0.32,0.23,0.15,0.17,0.19,0.4,0.53,0.54,0.5,0.46,0.38,0.31,0.32,0.36,0.24,0.22,0.24,0.31,0.44,0.18,0.35,0.5,0.43,0.35,0.44,0.53,0.37,0.29,0.18,0.19,0.18,0.22,0.26,0.29,0.35,0.26,0.44,0.48,0.29,0.27,0.33,0.44,0.34,0.22,0.22,0.16,0.18,0.38,0.35,0.28,0.4,0.23,0.42,0.47,0.24,0.4,0.51,0.38,0.45,0.49,0.33,0.32,0.55,0.69,0.7,0.64,0.38,0.32,0.37,0.51,0.41,0.26,0.52,0.46,0.23,0.24,0.17,0.29,0.3,0.54,0.75,0.75,0.48,0.43,0.42,0.45,0.51,0.21,0.25,0.45,0.3,0.26,0.23,0.32,0.33,0.37,0.69,0.69,0.49,0.47,0.48,0.5,0.46,0.38,0.4,0.55,0.8,0.76,0.55,0.6,0.6,0.56,0.56,0.62,0.63,0.59,0.58,0.56,0.56,0.54,0.72,0.69,0.7,0.5,0.42,0.49,0.49,0.63,0.9,0.66,0.45,0.49,0.47,0.44,0.44,0.47,0.65,0.73,0.36,0.37,0.36,0.45,0.45,0.51,0.75,0.55,0.39,0.46,0.49,0.33,0.35,0.33,0.35,0.51,0.31,0.31,0.32,0.29,0.62,0.35,0.55,0.49,0.33,0.59,0.31,0.32,0.31,0.31,0.28,0.41,0.29,0.3,0.3,0.31,0.57,0.27,0.47,0.44,0.26,0.52,0.31,0.3,0.29,0.29,0.29,0.28
motorcycle,"A man rides a yellow motorcycle down a street.",0.99,0.98,0.98,0.98,0.98,0.98,0.97,0.97,0.96,0.95,0.95,0.94,0.93,0.93,0.92,0.92,0.96,0.96,0.96,0.96,0.95,0.95,0.94,0.94,0.93,0.92,0.91,0.91,0.9,0.91,0.89,0.89,0.93,0.93,0.93,0.93,0.93,0.91,0.91,0.9,0.9,0.87,0.87,0.88,0.87,0.88,0.84,0.86,0.89,0.89,0.89,0.88,0.88,0.89,0.87,0.87,0.87,0.84,0.84,0.85,0.85,0.85,0.81,0.83,0.88,0.87,0.87,0.87,0.8,0.73,0.86,0.85,0.84,0.81,0.82,0.82,0.8,0.81,0.77,0.78,0.84,0.78,0.72,0.78,0.67,0.43,0.67,0.8,0.64,0.51,0.74,0.84,0.79,0.78,0.75,0.75,0.62,0.59,0.44,0.47,0.43,0.34,0.38,0.58,0.47,0.27,0.4,0.62,0.72,0.81,0.76,0.71,0.35,0.35,0.35,0.33,0.3,0.29,0.36,0.38,0.31,0.29,0.27,0.42,0.55,0.64,0.64,0.66,0.48,0.37,0.31,0.33,0.38,0.31,0.33,0.28,0.25,0.28,0.42,0.58,0.5,0.5,0.54,0.48,0.38,0.31,0.29,0.25,0.48,0.31,0.24,0.2,0.24,0.29,0.59,0.43,0.51,0.65,0.5,0.44,0.33,0.34,0.36,0.38,0.37,0.33,0.22,0.16,0.17,0.17,0.38,0.31,0.31,0.33,0.41,0.38,0.38,0.38,0.36,0.34,0.33,0.29,0.18,0.07,0.1,0.38,0.45,0.3,0.31,0.44,0.55,0.4,0.45,0.46,0.44,0.44,0.47,0.42,0.09,0.19,0.29,0.56,0.47,0.33,0.52,0.53,0.49,0.44,0.49,0.48,0.47,0.47,0.45,0.28,0.09,0.22,0.24,0.32,0.34,0.33,0.32,0.43,0.39,0.46,0.38,0.38,0.37,0.36,0.36,0.25,0.25,0.2,0.2,0.24,0.29,0.29,0.27,0.32,0.39,0.41,0.41,0.41,0.41,0.38,0.36,0.39,0.31,0.17,0.26,0.25,0.26,0.21,0.19,0.33,0.42,0.46
motorcycle,"A person on a motorcycle talking to a person with a watermelon.",0.29,0.21,0.24,0.24,0.35,0.56,0.51,0.45,0.3,0.5,0.69,0.59,0.56,0.6,0.73,0.67,0.26,0.24,0.18,0.12,0.15,0.23,0.49,0.58,0.37,0.51,0.49,0.59,0.73,0.71,0.71,0.64,0.15,0.16,0.16,0.2,0.17,0.25,0.33,0.42,0.44,0.47,0.37,0.53,0.67,0.73,0.69,0.57,0.2,0.21,0.2,0.32,0.22,0.36,0.46,0.25,0.5,0.44,0.52,0.54,0.42,0.59,0.64,0.53,0.43,0.25,0.25,0.62,0.54,0.29,0.25,0.36,0.47,0.69,0.49,0.38,0.42,0.4,0.34,0.4,0.33,0.42,0.28,0.53,0.58,0.34,0.53,0.57,0.43,0.59,0.4,0.28,0.4,0.4,0.51,0.37,0.06,0.21,0.39,0.38,0.35,0.44,0.47,0.49,0.62,0.59,0.36,0.41,0.51,0.6,0.7,0.51,0.16,0.27,0.45,0.54,0.39,0.46,0.45,0.38,0.45,0.58,0.57,0.49,0.46,0.45,0.57,0.64,0.33,0.54,0.4,0.37,0.62,0.55,0.19,0.35,0.5,0.51,0.44,0.44,0.45,0.49,0.54,0.57,0.35,0.56,0.41,0.31,0.45,0.44,0.19,0.24,0.2,0.24,0.44,0.32,0.29,0.36,0.37,0.45,0.32,0.42,0.51,0.25,0.35,0.35,0.25,0.15,0.14,0.31,0.27,0.12,0.2,0.26,0.29,0.44,0.35,0.1,0.3,0.32,0.28,0.38,0.22,0.21,0.15,0.32,0.19,0.22,0.23,0.21,0.18,0.33,0.4,0.3,0.32,0.42,0.28,0.36,0.19,0.21,0.14,0.25,0.27,0.22,0.16,0.13,0.15,0.15,0.48,0.51,0.48,0.26,0.31,0.36,0.21,0.19,0.22,0.26,0.18,0.16,0.18,0.25,0.35,0.44,0.4,0.4,0.44,0.44,0.36,0.2,0.21,0.24,0.21,0.23,0.21,0.18,0.23,0.25,0.23,0.4,0.47,0.51,0.6,0.63,0.31,0.09,0.16,0.24,0.21,0.24,0.23,0.18,0.17,0.14,0.13,0.13
motorcycle,"A woman riding on the back of a motorcycle.",0.55,0.56,0.57,0.62,0.79,0.57,0.69,0.61,0.51,0.33,0.46,0.57,0.62,0.29,0.41,0.56,0.47,0.53,0.6,0.56,0.85,0.62,0.54,0.53,0.49,0.31,0.33,0.55,0.57,0.23,0.43,0.84,0.42,0.51,0.58,0.34,0.63,0.45,0.13,0.33,0.38,0.27,0.13,0.33,0.35,0.2,0.24,0.29,0.27,0.38,0.43,0.36,0.39,0.2,0.15,0.24,0.16,0.28,0.44,0.38,0.29,0.17,0.33,0.69,0.11,0.18,0.18,0.2,0.24,0.15,0.13,0.54,0.57,0.09,0.52,0.5,0.38,0.12,0.33,0.55,0.22,0.05,0.15,0.2,0.14,0.11,0.28,0.24,0.26,0.16,0.25,0.32,0.44,0.25,0.39,0.29,0.24,0.17,0.13,0.22,0.15,0.02,0.54,0.47,0.04,0.33,0.46,0.51,0.45,0.47,0.61,0.42,0.07,0.08,0.09,0.15,0.27,0.33,0.17,0.55,0.66,0.33,0.32,0.42,0.79,0.59,0.48,0.51,0.21,0.31,0.08,0.1,0.18,0.56,0.39,0.04,0.37,0.28,0.37,0.18,0.29,0.6,0.27,0.33,0.35,0.6,0.47,0.21,0.14,0.38,0.36,0.1,0.08,0.15,0.36,0.36,0.49,0.99,0.36,0.18,0.47,0.39,0.59,0.33,0.26,0.33,0.12,0.22,0.11,0.07,0.16,0.32,0.33,0.63,0.36,0.35,0.46,0.45,0.2,0.4,0.37,0.19,0.06,0.09,0.18,0.18,0.07,0.42,0.43,0.44,0.38,0.29,0.45,0.42,0.29,0.15,0.35,0.19,0.09,0.16,0.11,0.25,0.22,0.49,0.27,0.29,0.51,0.24,0.5,0.47,0.41,0.35,0.42,0.38,0.18,0.2,0.07,0.31,0.28,0.21,0.32,0.05,0.22,0.31,0.5,0.47,0.45,0.44,0.4,0.35,0.35,0.39,0.24,0.42,0.19,0.26,0.49,0.09,0.14,0.15,0.48,0.46,0.46,0.47,0.46,0.41,0.43,0.45,0.46,0.51,0.21,0.22,0.5,0.19,0.26,0.14
motorcycle,"The people sit at the bar next to the motorcycles.",0.21,0.24,0.23,0.25,0.17,0.07,0.18,0.2,0.24,0.49,0.55,0.34,0.13,0.11,0.17,0.17,0.23,0.23,0.22,0.24,0.17,0.07,0.12,0.35,0.55,0.28,0.29,0.47,0.35,0.08,0.27,0.26,0.22,0.22,0.21,0.24,0.16,0.12,0.31,0.49,0.64,0.52,0.62,0.74,0.42,0.07,0.29,0.24,0.22,0.22,0.2,0.23,0.14,0.25,0.39,0.25,0.35,0.33,0.38,0.27,0.35,0.22,0.22,0.19,0.22,0.22,0.21,0.23,0.16,0.2,0.23,0.25,0.25,0.19,0.09,0.17,0.24,0.27,0.2,0.12,0.22,0.22,0.21,0.23,0.15,0.06,0.21,0.24,0.3,0.32,0.32,0.1,0.05,0.03,0.2,0.2,0.18,0.26,0.27,0.28,0.22,0.25,0.22,0.23,0.22,0.19,0.24,0.09,0.03,0.05,0.13,0.16,0.33,0.31,0.31,0.25,0.15,0.16,0.22,0.15,0.07,0.0,0.01,0.13,0.16,0.05,0.2,0.25,0.32,0.43,0.25,0.1,0.21,0.13,0.13,0.05,0.11,0.24,0.13,0.08,0.26,0.16,0.17,0.23,0.12,0.16,0.09,0.11,0.11,0.08,0.24,0.16,0.07,0.04,0.2,0.52,0.16,0.18,0.16,0.07,0.28,0.18,0.02,0.07,0.05,0.08,0.11,0.05,0.05,0.15,0.21,0.39,0.17,0.11,0.06,0.19,0.19,0.68,0.29,0.03,0.14,0.18,0.02,0.0,0.16,0.2,0.21,0.26,0.15,0.11,0.1,0.21,0.04,0.42,0.19,0.0,0.1,0.05,0.1,0.13,0.02,0.04,0.08,0.29,0.15,0.14,0.1,0.16,0.34,0.2,0.1,0.04,0.06,0.03,0.07,0.08,0.06,0.07,0.04,0.23,0.16,0.14,0.17,0.22,0.18,0.16,0.13,0.05,0.02,0.0,0.0,0.02,0.04,0.07,0.06,0.15,0.18,0.11,0.19,0.21,0.11,0.19,0.22,0.23,0.24,0.25,0.25,0.25,0.24,0.22,0.21,0.25,0.29,0.28,0.25,0.22
motorcycle,"A motorcycle is sitting next to a beach.",0.71,0.71,0.71,0.71,0.71,0.71,0.71,0.71,0.71,0.71,0.73,0.75,0.73,0.72,0.72,0.72,0.73,0.73,0.73,0.73,0.73,0.73,0.73,0.73,0.73,0.73,0.67,0.57,0.71,0.74,0.73,0.74,0.75,0.75,0.75,0.75,0.75,0.75,0.75,0.75,0.77,0.76,0.44,0.43,0.64,0.75,0.75,0.76,0.77,0.77,0.77,0.77,0.77,0.77,0.77,0.78,0.69,0.63,0.69,0.59,0.67,0.77,0.77,0.77,0.78,0.79,0.79,0.78,0.78,0.78,0.78,0.59,0.38,0.33,0.51,0.7,0.79,0.78,0.78,0.78,0.79,0.76,0.76,0.78,0.78,0.78,0.77,0.39,0.31,0.42,0.49,0.69,0.8,0.78,0.76,0.78,0.75,0.66,0.58,0.76,0.76,0.77,0.73,0.46,0.44,0.51,0.64,0.72,0.77,0.76,0.79,0.76,0.64,0.66,0.62,0.69,0.69,0.65,0.72,0.74,0.6,0.72,0.79,0.79,0.81,0.76,0.55,0.27,0.79,0.8,0.81,0.83,0.86,0.71,0.6,0.63,0.48,0.56,0.72,0.84,0.71,0.38,0.17,0.09,0.9,0.9,0.91,0.89,0.93,0.74,0.36,0.34,0.37,0.59,0.72,0.91,0.69,0.31,0.42,0.16,0.91,0.9,0.91,0.92,0.95,0.83,0.53,0.4,0.33,0.34,0.34,0.43,0.4,0.35,0.39,0.25,0.93,0.93,0.93,0.93,0.93,0.93,0.89,0.64,0.25,0.27,0.38,0.28,0.3,0.29,0.37,0.29,0.93,0.92,0.91,0.91,0.92,0.94,0.73,0.29,0.28,0.26,0.22,0.28,0.26,0.4,0.43,0.43,0.76,0.77,0.85,0.89,0.78,0.7,0.58,0.29,0.32,0.3,0.34,0.32,0.2,0.27,0.23,0.22,0.69,0.71,0.65,0.46,0.36,0.33,0.25,0.22,0.19,0.24,0.25,0.22,0.27,0.29,0.4,0.52,0.71,0.68,0.65,0.58,0.6,0.52,0.32,0.32,0.36,0.42,0.53,0.61,0.65,0.67,0.68,0.67
motorcycle,"Person driving a plated motorcycle on a track with people watching.",0.65,0.66,0.69,0.68,0.63,0.67,0.68,0.62,0.53,0.56,0.66,0.67,0.73,0.75,0.74,0.73,0.43,0.43,0.43,0.41,0.38,0.43,0.41,0.4,0.38,0.39,0.42,0.42,0.48,0.55,0.59,0.59,0.39,0.41,0.38,0.38,0.37,0.35,0.53,0.85,0.62,0.34,0.41,0.41,0.41,0.46,0.51,0.51,0.38,0.41,0.36,0.38,0.4,0.38,0.4,0.49,0.79,0.38,0.38,0.36,0.4,0.43,0.45,0.46,0.34,0.4,0.4,0.37,0.39,0.37,0.35,0.49,0.32,0.31,0.42,0.41,0.37,0.42,0.47,0.44,0.39,0.35,0.38,0.37,0.38,0.42,0.52,0.35,0.0,0.25,0.36,0.4,0.45,0.49,0.51,0.53,0.56,0.49,0.54,0.49,0.51,0.61,0.82,0.96,0.35,0.27,0.25,0.31,0.61,0.71,0.48,0.58,0.71,0.65,0.69,0.69,0.64,0.69,0.96,0.82,0.87,0.51,0.14,0.22,0.4,0.76,0.69,0.71,0.64,0.57,0.58,0.36,0.19,0.21,0.42,0.64,0.71,0.84,0.5,0.15,0.27,0.71,0.77,0.75,0.53,0.55,0.52,0.51,0.33,0.16,0.16,0.4,0.75,0.79,0.83,0.27,0.49,0.78,0.72,0.72,0.62,0.67,0.52,0.48,0.54,0.35,0.23,0.09,0.75,0.88,0.91,0.42,0.37,0.69,0.63,0.7,0.76,0.78,0.67,0.49,0.62,0.36,0.25,0.17,0.65,0.88,0.86,0.5,0.27,0.41,0.52,0.68,0.79,0.76,0.77,0.42,0.48,0.45,0.63,0.23,0.27,0.51,0.43,0.24,0.31,0.51,0.68,0.65,0.78,0.76,0.8,0.62,0.35,0.61,0.6,0.56,0.4,0.41,0.38,0.29,0.24,0.6,0.61,0.73,0.6,0.59,0.58,0.59,0.48,0.41,0.49,0.6,0.6,0.56,0.57,0.6,0.41,0.38,0.5,0.64,0.69,0.69,0.73,0.73,0.74,0.73,0.69,0.67,0.73,0.76,0.74,0.72,0.75,0.75,0.73,0.71
motorcycle,"The man is riding his motorcycle around the bend.",0.65,0.67,0.66,0.65,0.62,0.62,0.64,0.66,0.67,0.65,0.65,0.63,0.63,0.65,0.64,0.62,0.67,0.66,0.65,0.65,0.64,0.64,0.64,0.62,0.7,0.65,0.63,0.63,0.6,0.61,0.63,0.61,0.62,0.63,0.65,0.66,0.67,0.64,0.62,0.43,0.47,0.58,0.55,0.62,0.6,0.61,0.65,0.63,0.66,0.67,0.65,0.67,0.66,0.64,0.6,0.48,0.2,0.49,0.34,0.44,0.68,0.62,0.66,0.63,0.64,0.66,0.65,0.65,0.62,0.64,0.54,0.64,0.57,0.38,0.4,0.32,0.47,0.69,0.67,0.66,0.56,0.57,0.58,0.6,0.58,0.55,0.61,0.68,0.47,0.25,0.36,0.46,0.36,0.55,0.63,0.62,0.57,0.57,0.57,0.69,0.51,0.26,0.38,0.31,0.51,0.46,0.35,0.38,0.38,0.47,0.57,0.56,0.59,0.58,0.59,0.59,0.33,0.2,0.33,0.3,0.32,0.34,0.34,0.26,0.16,0.34,0.56,0.65,0.58,0.66,0.62,0.7,0.34,0.19,0.24,0.14,0.17,0.26,0.23,0.15,0.27,0.33,0.31,0.35,0.51,0.36,0.65,0.62,0.6,0.3,0.17,0.13,0.21,0.08,0.15,0.27,0.38,0.24,0.15,0.22,0.27,0.47,0.67,0.51,0.51,0.25,0.53,0.6,0.45,0.36,0.11,0.26,0.12,0.1,0.24,0.15,0.52,0.67,0.31,0.33,0.36,0.16,0.24,0.59,0.67,0.36,0.42,0.42,0.28,0.47,0.51,0.56,0.66,0.43,0.17,0.2,0.33,0.2,0.09,0.15,0.15,0.18,0.35,0.31,0.24,0.19,0.61,0.78,0.41,0.39,0.24,0.24,0.42,0.32,0.15,0.09,0.06,0.06,0.09,0.2,0.14,0.17,0.22,0.2,0.25,0.24,0.24,0.37,0.44,0.42,0.38,0.3,0.25,0.27,0.29,0.33,0.21,0.18,0.2,0.2,0.47,0.45,0.48,0.51,0.51,0.51,0.47,0.47,0.48,0.48,0.48,0.44,0.35,0.22,0.2,0.18
motorcycle,"A man riding a motorcycle down a city street.",0.23,0.25,0.18,0.31,0.38,0.22,0.19,0.15,0.11,0.13,0.2,0.15,0.14,0.03,0.04,0.05,0.18,0.2,0.27,0.38,0.35,0.17,0.17,0.14,0.13,0.17,0.12,0.08,0.02,0.02,0.03,0.01,0.22,0.2,0.09,0.42,0.27,0.0,0.02,0.13,0.15,0.14,0.09,0.09,0.03,0.01,0.0,0.0,0.07,0.18,0.22,0.28,0.27,0.07,0.09,0.13,0.11,0.07,0.03,0.03,0.03,0.01,0.01,0.0,0.16,0.13,0.15,0.25,0.33,0.18,0.24,0.32,0.18,0.05,0.01,0.0,0.04,0.03,0.07,0.01,0.16,0.17,0.11,0.22,0.23,0.0,0.12,0.27,0.2,0.04,0.01,0.0,0.07,0.07,0.1,0.02,0.05,0.13,0.21,0.28,0.27,0.07,0.07,0.07,0.18,0.14,0.07,0.06,0.09,0.08,0.08,0.02,0.01,0.03,0.14,0.3,0.32,0.21,0.24,0.22,0.34,0.3,0.2,0.21,0.17,0.15,0.11,0.09,0.11,0.0,0.13,0.33,0.4,0.23,0.27,0.27,0.36,0.42,0.29,0.25,0.27,0.27,0.27,0.26,0.2,0.07,0.09,0.29,0.41,0.25,0.25,0.25,0.43,0.36,0.29,0.29,0.29,0.3,0.31,0.31,0.46,0.47,0.42,0.36,0.46,0.42,0.38,0.27,0.41,0.52,0.44,0.46,0.47,0.49,0.5,0.51,0.57,0.57,0.59,0.54,0.58,0.57,0.51,0.29,0.36,0.47,0.57,0.55,0.55,0.56,0.56,0.57,0.58,0.58,0.59,0.62,0.59,0.61,0.47,0.31,0.33,0.49,0.55,0.53,0.54,0.55,0.55,0.56,0.49,0.47,0.51,0.5,0.48,0.44,0.27,0.33,0.45,0.45,0.62,0.53,0.56,0.55,0.56,0.56,0.49,0.47,0.42,0.34,0.3,0.27,0.18,0.27,0.58,0.6,0.53,0.55,0.56,0.57,0.59,0.61,0.56,0.56,0.55,0.53,0.56,0.56,0.55,0.57,0.58,0.54,0.56,0.64,0.65,0.64,0.64,0.64
motorcycle,"A man looking at motorcycles in a field.",0.92,0.95,0.94,0.93,0.82,0.73,0.93,0.9,0.88,0.85,0.86,0.86,0.81,0.8,0.78,0.75,0.89,0.92,0.93,0.95,0.6,0.46,0.94,0.85,0.84,0.88,0.72,0.6,0.79,0.8,0.77,0.68,0.85,0.86,0.91,0.72,0.37,0.3,0.69,0.85,0.83,0.69,0.33,0.24,0.59,0.72,0.67,0.5,0.84,0.62,0.59,0.6,0.29,0.33,0.42,0.48,0.56,0.44,0.25,0.24,0.3,0.27,0.32,0.31,0.47,0.43,0.44,0.41,0.35,0.31,0.24,0.11,0.26,0.44,0.22,0.28,0.27,0.27,0.37,0.24,0.34,0.3,0.35,0.26,0.25,0.2,0.16,0.22,0.21,0.25,0.27,0.36,0.28,0.22,0.27,0.39,0.23,0.2,0.17,0.28,0.18,0.14,0.15,0.27,0.3,0.31,0.32,0.39,0.24,0.29,0.24,0.36,0.32,0.29,0.27,0.39,0.33,0.2,0.18,0.22,0.24,0.3,0.34,0.31,0.3,0.25,0.34,0.31,0.46,0.36,0.56,0.44,0.31,0.18,0.16,0.26,0.22,0.23,0.25,0.27,0.31,0.28,0.33,0.33,0.31,0.26,0.28,0.31,0.23,0.17,0.15,0.32,0.35,0.38,0.32,0.22,0.24,0.36,0.36,0.33,0.35,0.28,0.2,0.22,0.22,0.2,0.2,0.31,0.35,0.42,0.41,0.31,0.18,0.34,0.4,0.37,0.35,0.37,0.33,0.22,0.18,0.19,0.24,0.35,0.26,0.34,0.33,0.37,0.2,0.26,0.38,0.38,0.37,0.34,0.32,0.3,0.25,0.27,0.22,0.38,0.36,0.25,0.27,0.34,0.21,0.23,0.34,0.33,0.35,0.34,0.36,0.33,0.35,0.33,0.29,0.27,0.46,0.35,0.31,0.29,0.18,0.25,0.37,0.36,0.33,0.35,0.36,0.36,0.36,0.34,0.36,0.34,0.26,0.31,0.27,0.19,0.17,0.31,0.35,0.35,0.33,0.32,0.36,0.36,0.36,0.35,0.34,0.34,0.34,0.29,0.21,0.18,0.22,0.26,0.31,0.31
motorcycle,"A man standing next to a bikes and a motorcycle.",0.65,0.41,0.2,0.22,0.34,0.31,0.35,0.28,0.27,0.34,0.47,0.63,0.68,0.65,0.65,0.59,0.57,0.51,0.22,0.27,0.34,0.44,0.42,0.23,0.25,0.36,0.56,0.69,0.71,0.69,0.67,0.54,0.49,0.51,0.32,0.3,0.31,0.4,0.46,0.25,0.19,0.53,0.75,0.73,0.75,0.72,0.55,0.51,0.39,0.53,0.41,0.39,0.26,0.3,0.36,0.24,0.21,0.5,0.76,0.78,0.78,0.56,0.36,0.62,0.37,0.44,0.55,0.5,0.32,0.29,0.33,0.37,0.44,0.35,0.42,0.51,0.71,0.63,0.33,0.4,0.57,0.46,0.65,0.53,0.31,0.35,0.42,0.45,0.31,0.3,0.28,0.32,0.7,0.56,0.3,0.3,0.99,0.67,0.49,0.44,0.38,0.42,0.47,0.41,0.32,0.38,0.33,0.31,0.43,0.33,0.26,0.36,0.65,0.55,0.38,0.49,0.43,0.38,0.36,0.23,0.26,0.31,0.29,0.23,0.31,0.33,0.33,0.3,0.44,0.64,0.43,0.52,0.49,0.43,0.45,0.32,0.15,0.15,0.23,0.34,0.38,0.31,0.33,0.31,0.48,0.52,0.5,0.53,0.54,0.57,0.47,0.45,0.39,0.37,0.31,0.39,0.38,0.4,0.33,0.34,0.54,0.42,0.44,0.64,0.65,0.6,0.59,0.55,0.56,0.54,0.55,0.51,0.47,0.43,0.39,0.35,0.83,0.58,0.37,0.55,0.6,0.58,0.58,0.57,0.56,0.61,0.58,0.53,0.53,0.44,0.45,0.43,0.69,0.6,0.38,0.47,0.57,0.57,0.59,0.58,0.57,0.55,0.55,0.56,0.58,0.57,0.64,0.42,0.58,0.69,0.34,0.45,0.58,0.58,0.62,0.62,0.61,0.6,0.58,0.57,0.57,0.63,0.67,0.8,0.43,0.39,0.31,0.55,0.61,0.62,0.62,0.62,0.61,0.61,0.61,0.6,0.58,0.68,0.79,0.73,0.54,0.44,0.52,0.62,0.62,0.62,0.62,0.62,0.64,0.64,0.63,0.63,0.68,0.76,0.73,0.75
motorcycle,"parked cars; motorcycles and buses on a cobblestone parking lot next to a street.",1.0,1.0,1.0,1.0,1.0,1.0,1.0,1.0,1.0,1.0,1.0,1.0,1.0,1.0,1.0,0.99,1.0,1.0,1.0,1.0,1.0,1.0,1.0,1.0,1.0,1.0,1.0,1.0,0.98,0.99,1.0,1.0,1.0,1.0,1.0,1.0,1.0,1.0,1.0,1.0,1.0,1.0,1.0,1.0,0.97,0.99,1.0,1.0,0.96,1.0,1.0,0.98,0.93,1.0,1.0,1.0,1.0,1.0,1.0,0.99,0.98,1.0,0.98,0.85,0.79,0.95,0.99,0.98,0.86,0.89,0.71,0.99,1.0,1.0,1.0,1.0,1.0,0.93,0.77,0.54,0.39,0.33,0.33,0.46,0.49,0.44,0.36,0.43,0.55,0.5,0.46,0.6,0.65,0.53,0.39,0.38,0.2,0.24,0.1,0.11,0.27,0.22,0.27,0.28,0.25,0.26,0.28,0.4,0.47,0.39,0.56,0.63,0.42,0.57,0.55,0.38,0.31,0.33,0.27,0.34,0.39,0.36,0.39,0.32,0.29,0.29,0.31,0.31,0.81,0.76,0.88,0.47,0.53,0.53,0.19,0.27,0.27,0.21,0.2,0.18,0.42,0.59,0.31,0.24,0.48,0.66,0.71,0.6,0.66,0.4,0.19,0.14,0.16,0.41,0.3,0.26,0.75,0.91,0.68,0.44,0.21,0.77,0.8,0.67,0.76,0.75,0.63,0.66,0.68,0.8,0.79,0.83,0.81,0.78,0.67,0.39,0.14,0.65,0.54,0.36,0.36,0.71,0.85,0.82,0.84,0.8,0.79,0.8,0.59,0.49,0.49,0.27,0.21,0.26,0.25,0.34,0.47,0.42,0.77,0.79,0.77,0.79,0.8,0.73,0.3,0.35,0.12,0.18,0.18,0.15,0.15,0.2,0.18,0.06,0.61,0.8,0.76,0.76,0.82,0.67,0.2,0.09,0.1,0.17,0.12,0.1,0.09,0.09,0.16,0.26,0.71,0.78,0.75,0.72,0.77,0.65,0.23,0.12,0.08,0.15,0.13,0.07,0.09,0.09,0.15,0.33,0.77,0.76,0.73,0.7,0.71,0.63,0.27,0.28,0.11,0.13
motorcycle,"A man stands in between a gas pump and a motorcycle while a woman in heels stands next to them.",0.51,0.38,0.24,0.12,0.21,0.42,0.87,0.7,0.79,0.59,0.16,0.36,0.29,0.49,0.75,0.75,0.49,0.27,0.11,0.22,0.13,0.05,0.54,0.77,0.77,0.78,0.25,0.23,0.35,0.53,0.79,0.78,0.44,0.29,0.11,0.53,0.12,0.01,0.26,0.84,0.79,0.78,0.36,0.23,0.5,0.55,0.6,0.67,0.43,0.38,0.31,0.26,0.13,0.07,0.49,0.81,0.77,0.76,0.42,0.22,0.41,0.44,0.58,0.56,0.53,0.15,0.26,0.4,0.25,0.09,0.66,0.82,0.76,0.73,0.49,0.26,0.39,0.53,0.66,0.43,0.52,0.14,0.12,0.02,0.32,0.26,0.58,0.79,0.73,0.62,0.37,0.27,0.44,0.49,0.53,0.55,0.65,0.16,0.27,0.22,0.43,0.21,0.24,0.54,0.44,0.25,0.11,0.15,0.16,0.19,0.23,0.29,0.41,0.21,0.09,0.4,0.99,0.68,0.42,0.62,0.36,0.33,0.13,0.12,0.16,0.24,0.26,0.3,0.18,0.29,0.36,0.43,0.63,0.49,0.47,0.55,0.09,0.15,0.12,0.14,0.17,0.24,0.31,0.19,0.34,0.23,0.4,0.25,0.25,0.27,0.26,0.31,0.16,0.08,0.05,0.15,0.17,0.11,0.23,0.22,0.44,0.43,0.34,0.16,0.28,0.19,0.24,0.42,0.21,0.12,0.07,0.15,0.15,0.07,0.17,0.16,0.41,0.49,0.36,0.18,0.13,0.13,0.22,0.19,0.13,0.12,0.08,0.17,0.15,0.12,0.17,0.18,0.4,0.45,0.31,0.25,0.23,0.22,0.37,0.4,0.36,0.23,0.07,0.11,0.11,0.18,0.3,0.15,0.34,0.4,0.26,0.23,0.28,0.22,0.43,0.55,0.22,0.17,0.11,0.18,0.12,0.18,0.23,0.15,0.29,0.35,0.29,0.16,0.15,0.24,0.28,0.14,0.13,0.16,0.15,0.34,0.15,0.14,0.22,0.13,0.37,0.29,0.21,0.13,0.06,0.18,0.23,0.22,0.2,0.18,0.11,0.17,0.11,0.19,0.35,0.33
motorcycle,"a blue motorcycle sitting beside a wall covered with tagging",0.22,0.21,0.24,0.11,0.24,0.52,0.42,0.52,0.53,0.48,0.5,0.47,0.25,0.32,0.4,0.41,0.48,0.47,0.39,0.33,0.29,0.57,0.52,0.53,0.5,0.43,0.43,0.5,0.17,0.27,0.42,0.43,0.33,0.49,0.47,0.31,0.3,0.58,0.53,0.48,0.47,0.43,0.47,0.5,0.31,0.37,0.4,0.38,0.22,0.26,0.34,0.22,0.35,0.53,0.51,0.53,0.55,0.5,0.45,0.51,0.45,0.46,0.38,0.37,0.24,0.22,0.28,0.21,0.36,0.54,0.45,0.48,0.52,0.47,0.45,0.4,0.34,0.36,0.4,0.43,0.27,0.28,0.19,0.25,0.42,0.46,0.48,0.52,0.47,0.4,0.42,0.44,0.3,0.27,0.4,0.49,0.3,0.29,0.11,0.11,0.28,0.41,0.46,0.46,0.41,0.37,0.4,0.27,0.18,0.31,0.35,0.44,0.25,0.27,0.3,0.18,0.28,0.52,0.49,0.5,0.29,0.32,0.38,0.29,0.24,0.3,0.38,0.5,0.15,0.19,0.31,0.36,0.27,0.35,0.44,0.37,0.4,0.42,0.32,0.35,0.22,0.28,0.38,0.5,0.4,0.39,0.26,0.2,0.34,0.31,0.51,0.46,0.32,0.43,0.26,0.15,0.14,0.24,0.4,0.5,0.29,0.43,0.34,0.2,0.34,0.35,0.33,0.48,0.53,0.56,0.47,0.19,0.24,0.26,0.33,0.53,0.17,0.2,0.15,0.3,0.42,0.68,0.6,0.34,0.44,0.46,0.41,0.21,0.27,0.35,0.4,0.65,0.35,0.29,0.21,0.2,0.38,0.42,0.4,0.09,0.02,0.09,0.12,0.11,0.2,0.26,0.42,0.62,0.59,0.56,0.55,0.44,0.38,0.46,0.48,0.45,0.47,0.49,0.55,0.6,0.6,0.52,0.65,0.68,0.73,0.75,0.81,0.85,0.84,0.79,0.78,0.8,0.88,0.88,0.89,0.87,0.91,0.91,0.89,0.89,0.86,0.87,0.88,0.9,0.91,0.86,0.82,0.82,0.88,0.81,0.84,0.87,0.85,0.84,0.83,0.81
motorcycle,"A motorcycle parked in gravel near a post.",0.1,0.14,0.13,0.09,0.24,0.2,0.1,0.14,0.22,0.16,0.09,0.11,0.11,0.11,0.11,0.11,0.08,0.09,0.17,0.2,0.24,0.24,0.18,0.11,0.18,0.16,0.04,0.06,0.06,0.06,0.06,0.06,0.08,0.2,0.33,0.29,0.31,0.32,0.3,0.06,0.16,0.31,0.44,0.41,0.32,0.33,0.33,0.32,0.23,0.31,0.27,0.25,0.24,0.31,0.26,0.24,0.49,0.63,0.66,0.66,0.63,0.64,0.64,0.63,0.25,0.49,0.5,0.49,0.3,0.19,0.41,0.61,0.61,0.53,0.48,0.59,0.62,0.62,0.6,0.58,0.34,0.45,0.43,0.41,0.38,0.42,0.51,0.54,0.53,0.53,0.47,0.53,0.55,0.55,0.56,0.62,0.21,0.21,0.11,0.13,0.33,0.3,0.49,0.42,0.47,0.51,0.3,0.53,0.62,0.6,0.58,0.56,0.04,0.04,0.12,0.09,0.12,0.25,0.52,0.43,0.45,0.46,0.45,0.55,0.67,0.73,0.76,0.72,0.15,0.06,0.1,0.1,0.13,0.23,0.62,0.75,0.72,0.73,0.74,0.75,0.75,0.77,0.8,0.81,0.2,0.05,0.07,0.11,0.19,0.13,0.45,0.8,0.76,0.78,0.78,0.78,0.8,0.8,0.8,0.79,0.09,0.11,0.14,0.15,0.13,0.25,0.44,0.71,0.82,0.78,0.78,0.78,0.78,0.79,0.8,0.8,0.1,0.11,0.16,0.13,0.23,0.46,0.22,0.46,0.93,0.86,0.87,0.87,0.87,0.86,0.85,0.84,0.1,0.1,0.19,0.18,0.06,0.31,0.29,0.24,0.75,0.82,0.83,0.86,0.87,0.87,0.86,0.87,0.14,0.12,0.22,0.21,0.33,0.53,0.45,0.15,0.68,0.86,0.82,0.84,0.83,0.83,0.82,0.83,0.33,0.11,0.2,0.22,0.42,0.41,0.43,0.32,0.75,0.82,0.82,0.8,0.83,0.82,0.84,0.83,0.24,0.1,0.12,0.17,0.19,0.37,0.69,0.78,0.77,0.77,0.79,0.78,0.78,0.83,0.84,0.84
motorcycle,"Large group of people outdoors with their motorcycles.",0.66,0.73,0.52,0.6,0.65,0.64,0.41,0.3,0.43,0.74,0.31,0.33,0.31,0.37,0.19,0.24,0.49,0.35,0.46,0.39,0.42,0.56,0.35,0.28,0.42,0.59,0.67,0.73,0.65,0.63,0.18,0.23,0.86,0.45,0.42,0.36,0.19,0.1,0.15,0.54,0.79,0.54,0.5,0.74,0.73,0.74,0.45,0.49,0.76,0.38,0.37,0.55,0.45,0.36,0.33,0.62,0.86,0.56,0.51,0.53,0.41,0.78,0.55,0.62,0.67,0.69,0.7,0.69,0.69,0.69,0.74,0.72,0.71,0.76,0.8,0.54,0.33,0.59,0.51,0.67,0.66,0.66,0.65,0.52,0.49,0.6,0.52,0.57,0.58,0.54,0.53,0.36,0.36,0.46,0.46,0.6,0.42,0.53,0.62,0.57,0.56,0.53,0.48,0.4,0.33,0.39,0.3,0.25,0.25,0.41,0.34,0.4,0.59,0.63,0.69,0.56,0.53,0.51,0.58,0.57,0.65,0.67,0.55,0.44,0.13,0.42,0.32,0.22,0.49,0.52,0.44,0.43,0.46,0.44,0.26,0.33,0.4,0.32,0.38,0.36,0.26,0.43,0.33,0.15,0.45,0.56,0.64,0.5,0.36,0.58,0.57,0.45,0.44,0.48,0.47,0.27,0.27,0.45,0.28,0.29,0.64,0.63,0.71,0.56,0.54,0.75,0.78,0.78,0.77,0.78,0.81,0.45,0.18,0.49,0.73,0.71,0.55,0.61,0.68,0.73,0.74,0.72,0.72,0.72,0.75,0.76,0.74,0.7,0.48,0.44,0.5,0.44,0.35,0.29,0.75,0.69,0.7,0.71,0.72,0.73,0.64,0.58,0.73,0.75,0.64,0.34,0.19,0.15,0.45,0.22,0.51,0.74,0.7,0.72,0.73,0.75,0.59,0.34,0.35,0.48,0.7,0.44,0.25,0.2,0.37,0.32,0.49,0.71,0.69,0.7,0.69,0.67,0.71,0.57,0.22,0.18,0.26,0.32,0.26,0.13,0.45,0.35,0.58,0.69,0.67,0.67,0.67,0.67,0.7,0.41,0.2,0.33,0.39,0.34,0.22,0.09
motorcycle,"A wow of motorcycles pared along a street some with covers.",0.02,0.13,0.26,0.18,0.24,0.19,0.23,0.14,0.26,0.31,0.31,0.4,0.44,0.46,0.49,0.22,0.11,0.13,0.1,0.14,0.09,0.12,0.2,0.23,0.32,0.46,0.6,0.59,0.36,0.54,0.64,0.48,0.15,0.18,0.19,0.27,0.35,0.43,0.29,0.25,0.54,0.66,0.59,0.4,0.35,0.36,0.39,0.84,0.25,0.33,0.4,0.42,0.45,0.49,0.44,0.36,0.45,0.51,0.43,0.42,0.38,0.53,0.8,0.85,0.31,0.44,0.56,0.44,0.38,0.46,0.55,0.46,0.31,0.44,0.31,0.3,0.23,0.57,0.98,0.88,0.74,0.76,0.51,0.6,0.5,0.23,0.71,0.49,0.27,0.11,0.15,0.32,0.3,0.33,0.9,0.87,0.56,0.43,0.53,0.7,0.24,0.06,0.25,0.15,0.12,0.05,0.11,0.19,0.29,0.47,0.9,0.87,0.24,0.29,0.48,0.41,0.09,0.14,0.06,0.07,0.05,0.05,0.1,0.11,0.12,0.49,0.95,0.87,0.45,0.5,0.5,0.49,0.14,0.16,0.13,0.06,0.09,0.16,0.06,0.11,0.12,0.22,0.89,0.88,0.83,0.74,0.66,0.64,0.14,0.11,0.24,0.28,0.19,0.46,0.3,0.15,0.08,0.22,0.77,0.91,0.72,0.51,0.54,0.54,0.41,0.49,0.56,0.49,0.22,0.26,0.55,0.7,0.26,0.18,0.59,0.78,0.62,0.68,0.58,0.51,0.45,0.35,0.31,0.29,0.27,0.3,0.32,0.55,0.62,0.34,0.58,0.69,0.6,0.55,0.47,0.45,0.45,0.55,0.49,0.43,0.51,0.44,0.36,0.36,0.56,0.73,0.62,0.71,0.5,0.5,0.52,0.59,0.54,0.49,0.43,0.44,0.46,0.47,0.43,0.4,0.47,0.67,0.6,0.73,0.45,0.51,0.53,0.52,0.49,0.47,0.45,0.46,0.44,0.53,0.42,0.47,0.53,0.7,0.64,0.66,0.44,0.49,0.49,0.47,0.49,0.46,0.51,0.56,0.54,0.49,0.25,0.45,0.55,0.63,0.73,0.59
motorcycle,"Several men stand outside around a motorcycle.",0.64,0.76,0.84,0.74,0.78,0.8,0.82,0.84,0.84,0.87,0.99,1.0,1.0,1.0,1.0,1.0,0.47,0.36,0.43,0.29,0.31,0.31,0.31,0.33,0.32,0.39,0.53,0.94,0.97,0.91,0.85,0.78,0.53,0.35,0.4,0.33,0.34,0.35,0.35,0.35,0.34,0.37,0.35,0.56,0.62,0.57,0.57,0.52,0.2,0.22,0.4,0.35,0.44,0.36,0.4,0.38,0.4,0.34,0.32,0.45,0.56,0.53,0.57,0.47,0.17,0.23,0.38,0.33,0.24,0.32,0.33,0.33,0.27,0.42,0.44,0.48,0.55,0.47,0.42,0.52,0.41,0.29,0.36,0.37,0.18,0.3,0.24,0.2,0.5,0.59,0.43,0.28,0.58,0.1,0.03,0.42,0.35,0.43,0.44,0.17,0.05,0.45,0.34,0.35,0.87,0.64,0.56,0.38,0.35,0.18,0.17,0.44,0.47,0.4,0.26,0.09,0.04,0.13,0.42,0.49,0.59,0.49,0.46,0.33,0.54,0.43,0.4,0.48,0.4,0.45,0.41,0.08,0.08,0.1,0.38,0.41,0.04,0.33,0.52,0.23,0.49,0.55,0.49,0.47,0.19,0.43,0.44,0.2,0.2,0.25,0.2,0.27,0.3,0.37,0.47,0.3,0.42,0.48,0.45,0.45,0.27,0.4,0.43,0.28,0.23,0.25,0.12,0.18,0.55,0.38,0.43,0.39,0.44,0.42,0.56,0.48,0.18,0.35,0.38,0.26,0.35,0.32,0.22,0.22,0.31,0.34,0.31,0.31,0.32,0.43,0.6,0.38,0.29,0.34,0.36,0.24,0.29,0.29,0.16,0.14,0.14,0.13,0.13,0.2,0.27,0.19,0.26,0.35,0.36,0.36,0.36,0.23,0.26,0.25,0.21,0.27,0.27,0.28,0.29,0.29,0.29,0.31,0.35,0.36,0.34,0.33,0.33,0.3,0.3,0.29,0.33,0.35,0.35,0.37,0.35,0.34,0.35,0.35,0.35,0.35,0.37,0.35,0.33,0.32,0.32,0.33,0.33,0.34,0.36,0.37,0.37,0.36,0.36,0.35,0.34,0.35
car,"A grey and white cat watches from between parked cars.",0.37,0.2,0.04,0.06,0.26,0.46,0.63,0.68,0.75,0.75,0.8,0.84,0.82,0.84,0.77,0.37,0.03,0.17,0.43,0.7,0.81,0.87,0.9,0.89,0.85,0.77,0.73,0.81,0.8,0.68,0.29,0.14,0.38,0.71,0.92,0.93,0.9,0.88,0.87,0.87,0.87,0.92,0.83,0.63,0.4,0.24,0.24,0.21,0.73,0.58,0.61,0.68,0.72,0.78,0.84,0.86,0.89,0.48,0.23,0.19,0.14,0.16,0.17,0.05,0.5,0.41,0.38,0.44,0.52,0.8,0.95,0.96,0.65,0.16,0.12,0.09,0.1,0.08,0.07,0.49,0.18,0.34,0.21,0.23,0.45,0.55,0.54,0.4,0.13,0.2,0.1,0.06,0.04,0.04,0.72,1.0,0.29,0.31,0.15,0.08,0.12,0.09,0.06,0.04,0.05,0.09,0.14,0.29,0.25,0.36,0.83,0.73,0.22,0.14,0.16,0.11,0.07,0.21,0.25,0.06,0.05,0.08,0.22,0.4,0.28,0.55,0.71,0.36,0.34,0.23,0.17,0.09,0.05,0.17,0.59,0.42,0.33,0.29,0.34,0.38,0.39,0.44,0.55,0.55,0.45,0.46,0.43,0.39,0.33,0.14,0.51,0.64,0.32,0.29,0.17,0.26,0.19,0.25,0.29,0.48,0.5,0.5,0.51,0.51,0.53,0.51,0.55,0.58,0.41,0.42,0.28,0.29,0.27,0.4,0.2,0.17,0.5,0.49,0.52,0.53,0.56,0.56,0.56,0.52,0.5,0.5,0.51,0.55,0.51,0.44,0.3,0.16,0.53,0.55,0.56,0.55,0.56,0.58,0.58,0.57,0.56,0.53,0.52,0.48,0.45,0.43,0.39,0.3,0.3,0.4,0.51,0.56,0.6,0.58,0.58,0.57,0.56,0.52,0.49,0.47,0.48,0.46,0.43,0.42,0.39,0.32,0.27,0.32,0.39,0.48,0.54,0.57,0.57,0.56,0.52,0.49,0.47,0.46,0.44,0.43,0.6,0.57,0.5,0.42,0.32,0.29,0.32,0.37,0.47,0.52,0.51,0.55,0.51,0.47,0.43,0.4
car,"A dog is sitting inside a red car.",0.34,0.55,0.85,0.95,0.94,0.95,0.95,0.92,0.9,0.9,0.9,0.9,0.9,0.9,0.91,0.91,0.51,0.55,0.64,0.73,0.75,0.76,0.8,0.89,0.93,0.94,0.93,0.93,0.93,0.92,0.92,0.92,0.38,0.37,0.37,0.36,0.37,0.37,0.35,0.53,0.73,0.62,0.76,0.82,0.82,0.84,0.87,0.89,0.39,0.42,0.45,0.48,0.45,0.47,0.44,0.55,0.55,0.4,0.3,0.22,0.25,0.28,0.27,0.35,0.47,0.55,0.52,0.46,0.53,0.55,0.57,0.57,0.47,0.36,0.54,0.67,0.57,0.44,0.52,0.24,0.71,0.73,0.49,0.51,0.71,0.69,0.61,0.58,0.44,0.34,0.52,0.7,0.51,0.27,0.62,0.55,0.65,0.66,0.54,0.6,0.66,0.66,0.6,0.63,0.47,0.4,0.58,0.73,0.48,0.61,0.74,0.69,0.47,0.48,0.5,0.5,0.51,0.51,0.53,0.54,0.45,0.46,0.54,0.56,0.49,0.62,0.69,0.56,0.35,0.36,0.35,0.36,0.38,0.4,0.4,0.41,0.44,0.45,0.42,0.37,0.44,0.45,0.46,0.47,0.49,0.49,0.48,0.48,0.48,0.47,0.46,0.48,0.49,0.48,0.5,0.47,0.5,0.51,0.49,0.49,0.42,0.39,0.4,0.4,0.42,0.65,0.67,0.59,0.61,0.58,0.62,0.64,0.62,0.62,0.63,0.63,0.09,0.08,0.11,0.11,0.04,0.24,0.57,0.52,0.53,0.5,0.51,0.53,0.52,0.53,0.53,0.53,0.17,0.28,0.31,0.32,0.25,0.09,0.47,0.53,0.49,0.48,0.49,0.51,0.51,0.51,0.51,0.5,0.31,0.5,0.5,0.41,0.34,0.18,0.34,0.53,0.45,0.47,0.46,0.45,0.44,0.42,0.43,0.44,0.46,0.73,0.54,0.5,0.4,0.33,0.21,0.3,0.34,0.38,0.38,0.38,0.37,0.38,0.37,0.36,0.5,0.71,0.38,0.64,0.46,0.31,0.21,0.2,0.21,0.16,0.17,0.2,0.21,0.25,0.19,0.07
car,"A group of women operating a car wash.",0.95,0.92,0.97,0.96,0.96,0.96,0.96,0.95,0.95,0.94,0.95,0.58,0.43,0.46,0.29,0.2,0.82,0.49,0.94,0.98,0.96,0.97,0.96,0.96,0.96,0.96,0.96,0.69,0.36,0.33,0.31,0.16,0.37,0.3,0.87,1.0,1.0,0.98,0.97,0.97,0.96,0.97,0.95,0.74,0.62,0.23,0.25,0.24,0.47,0.58,0.8,0.96,0.82,0.99,1.0,1.0,1.0,1.0,0.93,0.88,0.87,0.45,0.33,0.29,0.66,0.62,0.61,0.59,0.38,0.57,0.62,0.53,0.63,0.49,0.47,0.56,0.53,0.48,0.36,0.39,0.22,0.25,0.22,0.3,0.19,0.25,0.16,0.13,0.43,0.29,0.22,0.26,0.39,0.62,0.32,0.4,0.24,0.27,0.11,0.12,0.2,0.45,0.38,0.63,0.79,0.55,0.24,0.1,0.47,0.61,0.35,0.37,0.33,0.18,0.46,0.33,0.36,0.46,0.58,0.56,0.42,0.52,0.35,0.27,0.65,0.12,0.09,0.18,0.37,0.29,0.39,0.48,0.15,0.24,0.18,0.44,0.67,0.61,0.25,0.36,0.79,0.48,0.3,0.31,0.27,0.25,0.07,0.09,0.26,0.34,0.18,0.49,0.51,0.46,0.32,0.29,0.42,0.44,0.41,0.45,0.39,0.32,0.16,0.12,0.1,0.19,0.2,0.11,0.43,0.5,0.39,0.4,0.55,0.31,0.26,0.49,0.38,0.41,0.38,0.29,0.16,0.09,0.05,0.01,0.39,0.56,0.38,0.35,0.47,0.38,0.5,0.62,0.42,0.4,0.47,0.2,0.04,0.12,0.08,0.06,0.35,0.42,0.42,0.44,0.42,0.37,0.61,0.73,0.45,0.42,0.23,0.06,0.14,0.22,0.17,0.06,0.21,0.3,0.21,0.33,0.42,0.56,0.65,0.72,0.67,0.52,0.27,0.38,0.46,0.46,0.44,0.35,0.41,0.46,0.2,0.15,0.32,0.58,0.69,0.68,0.73,0.73,0.65,0.54,0.57,0.53,0.44,0.37,0.42,0.41,0.35,0.44,0.57,0.6,0.65,0.64
car,"A car is parked on dry grass with kites overhead.",0.37,0.37,0.38,0.38,0.38,0.38,0.39,0.39,0.39,0.4,0.39,0.4,0.4,0.4,0.4,0.4,0.4,0.4,0.4,0.4,0.41,0.41,0.41,0.42,0.42,0.42,0.42,0.42,0.42,0.42,0.4,0.41,0.43,0.43,0.43,0.44,0.44,0.44,0.44,0.45,0.45,0.45,0.45,0.46,0.45,0.45,0.42,0.43,0.46,0.46,0.47,0.47,0.47,0.47,0.47,0.48,0.48,0.49,0.44,0.44,0.49,0.48,0.5,0.47,0.5,0.5,0.51,0.51,0.51,0.51,0.51,0.51,0.51,0.52,0.46,0.45,0.53,0.51,0.51,0.5,0.54,0.54,0.54,0.55,0.55,0.55,0.55,0.55,0.55,0.54,0.56,0.58,0.55,0.55,0.51,0.5,0.58,0.58,0.58,0.59,0.59,0.6,0.6,0.6,0.6,0.6,0.62,0.59,0.6,0.6,0.59,0.6,0.64,0.64,0.65,0.65,0.65,0.64,0.65,0.64,0.63,0.65,0.61,0.7,0.65,0.65,0.65,0.64,0.49,0.48,0.47,0.44,0.45,0.48,0.44,0.26,0.43,0.26,0.12,0.79,0.32,0.34,0.44,0.42,0.38,0.42,0.4,0.48,0.73,0.8,0.65,0.65,0.75,0.69,0.71,0.82,0.7,0.73,0.74,0.65,0.62,0.64,0.69,0.55,0.18,0.55,0.74,0.76,0.7,0.73,0.73,0.73,0.6,0.38,0.58,0.83,0.64,0.64,0.66,0.47,0.23,0.15,0.22,0.26,0.46,0.49,0.53,0.49,0.1,0.1,0.09,0.54,0.72,0.71,0.72,0.58,0.46,0.47,0.36,0.21,0.32,0.36,0.35,0.38,0.25,0.42,0.13,0.11,0.66,0.66,0.69,0.6,0.45,0.56,0.73,0.75,0.67,0.67,0.63,0.6,0.47,0.42,0.23,0.14,0.66,0.66,0.67,0.68,0.63,0.6,0.65,0.7,0.71,0.72,0.74,0.75,0.75,0.71,0.7,0.65,0.66,0.65,0.62,0.62,0.66,0.69,0.67,0.64,0.64,0.64,0.61,0.6,0.62,0.63,0.62,0.64
car,"Part of train car with a door to the rear connected to the car behind it",0.11,0.0,0.02,0.02,0.01,0.2,0.82,0.89,0.87,0.87,0.88,0.89,0.9,0.9,0.89,0.89,0.16,0.12,0.03,0.04,0.08,0.13,0.31,0.33,0.35,0.33,0.34,0.36,0.41,0.44,0.45,0.45,0.17,0.08,0.05,0.29,0.43,0.53,0.61,0.53,0.47,0.47,0.45,0.47,0.54,0.52,0.49,0.46,0.3,0.0,0.04,0.53,0.69,0.75,0.85,0.72,0.74,0.74,0.72,0.78,0.94,0.93,0.91,0.89,0.26,0.01,0.07,0.48,0.61,0.65,0.71,0.61,0.59,0.54,0.56,0.66,0.84,0.82,0.81,0.81,0.22,0.0,0.04,0.43,0.57,0.65,0.69,0.57,0.53,0.39,0.42,0.64,0.82,0.8,0.8,0.79,0.23,0.01,0.05,0.44,0.52,0.58,0.67,0.49,0.47,0.15,0.3,0.64,0.78,0.78,0.78,0.77,0.24,0.01,0.05,0.42,0.51,0.51,0.6,0.53,0.55,0.3,0.37,0.62,0.73,0.77,0.76,0.76,0.25,0.01,0.04,0.4,0.49,0.5,0.51,0.44,0.48,0.51,0.51,0.5,0.65,0.65,0.66,0.66,0.25,0.02,0.04,0.39,0.47,0.41,0.34,0.32,0.35,0.35,0.35,0.34,0.41,0.41,0.42,0.41,0.23,0.02,0.02,0.32,0.35,0.27,0.25,0.27,0.31,0.35,0.34,0.32,0.38,0.37,0.36,0.36,0.09,0.02,0.0,0.11,0.18,0.18,0.18,0.14,0.16,0.18,0.18,0.21,0.22,0.23,0.25,0.25,0.03,0.01,0.0,0.01,0.02,0.02,0.04,0.02,0.0,0.0,0.04,0.03,0.01,0.01,0.05,0.05,0.02,0.02,0.02,0.02,0.04,0.04,0.05,0.02,0.0,0.03,0.08,0.07,0.06,0.06,0.04,0.04,0.04,0.06,0.05,0.05,0.05,0.05,0.04,0.06,0.05,0.04,0.09,0.08,0.04,0.05,0.04,0.04,0.15,0.13,0.15,0.13,0.15,0.17,0.17,0.12,0.16,0.16,0.18,0.14,0.18,0.18,0.18,0.17
car,"A car driving in an intersection; past a furniture shop.",0.98,0.99,1.0,0.96,0.94,0.96,0.93,0.6,0.6,0.58,0.55,0.53,0.51,0.45,0.51,0.53,0.91,0.93,0.99,0.96,0.96,0.96,0.91,0.6,0.58,0.52,0.53,0.52,0.51,0.45,0.53,0.52,0.88,0.89,0.65,0.66,0.71,0.6,0.74,0.67,0.59,0.51,0.54,0.49,0.49,0.49,0.55,0.51,0.89,0.6,0.3,0.37,0.49,0.44,0.45,0.41,0.36,0.36,0.29,0.25,0.26,0.33,0.29,0.25,0.57,0.11,0.3,0.47,0.43,0.26,0.45,0.62,0.65,0.58,0.42,0.44,0.42,0.41,0.4,0.4,0.42,0.26,0.32,0.35,0.37,0.22,0.35,0.37,0.28,0.39,0.35,0.33,0.34,0.34,0.33,0.34,0.57,0.65,0.46,0.31,0.39,0.22,0.26,0.18,0.16,0.43,0.31,0.24,0.24,0.16,0.27,0.2,0.54,0.45,0.4,0.44,0.41,0.46,0.4,0.26,0.27,0.49,0.42,0.34,0.33,0.29,0.32,0.31,0.44,0.45,0.42,0.39,0.33,0.41,0.42,0.29,0.31,0.51,0.31,0.18,0.28,0.24,0.22,0.33,0.45,0.43,0.47,0.4,0.4,0.28,0.33,0.29,0.38,0.43,0.29,0.29,0.32,0.28,0.31,0.29,0.55,0.51,0.52,0.51,0.63,0.5,0.28,0.25,0.31,0.2,0.17,0.28,0.25,0.23,0.17,0.29,0.47,0.49,0.49,0.49,0.41,0.38,0.53,0.44,0.43,0.4,0.35,0.31,0.28,0.26,0.25,0.29,0.22,0.22,0.22,0.21,0.22,0.29,0.25,0.46,0.5,0.49,0.49,0.5,0.51,0.51,0.49,0.47,0.31,0.32,0.32,0.29,0.3,0.31,0.29,0.39,0.43,0.43,0.44,0.44,0.45,0.45,0.45,0.44,0.4,0.42,0.42,0.41,0.43,0.44,0.42,0.39,0.44,0.45,0.47,0.48,0.47,0.47,0.46,0.47,0.47,0.49,0.51,0.51,0.47,0.33,0.26,0.28,0.44,0.52,0.52,0.5,0.49,0.49,0.49,0.48
car,"A horse is standing between two parked cars.",0.66,0.84,0.85,0.85,0.86,0.86,0.86,0.86,0.86,0.86,0.85,0.85,0.85,0.85,0.84,0.84,0.64,0.75,0.86,0.88,0.87,0.86,0.86,0.86,0.86,0.86,0.86,0.86,0.85,0.84,0.84,0.83,0.67,0.71,0.84,0.75,0.82,0.87,0.85,0.86,0.86,0.85,0.86,0.85,0.85,0.87,0.87,0.86,0.51,0.56,0.62,0.43,0.59,0.87,0.89,0.89,0.88,0.88,0.86,0.86,0.84,0.7,0.57,0.52,0.54,0.43,0.39,0.38,0.36,0.63,0.75,0.46,0.48,0.76,0.85,0.85,0.7,0.49,0.29,0.35,0.46,0.48,0.65,0.66,0.57,0.62,0.33,0.15,0.42,0.54,0.55,0.53,0.58,0.52,0.36,0.36,0.14,0.16,0.4,0.47,0.77,0.83,0.24,0.25,0.54,0.63,0.53,0.49,0.54,0.49,0.42,0.44,0.16,0.13,0.37,0.21,0.53,0.58,0.16,0.24,0.53,0.65,0.47,0.4,0.29,0.24,0.33,0.45,0.32,0.21,0.47,0.42,0.51,0.66,0.4,0.11,0.35,0.65,0.55,0.42,0.16,0.2,0.41,0.67,0.26,0.24,0.38,0.43,0.49,0.53,0.36,0.18,0.32,0.4,0.29,0.22,0.13,0.21,0.23,0.33,0.22,0.33,0.33,0.35,0.26,0.27,0.28,0.15,0.27,0.25,0.14,0.13,0.18,0.13,0.05,0.11,0.18,0.25,0.35,0.48,0.24,0.22,0.38,0.24,0.28,0.26,0.15,0.13,0.18,0.13,0.13,0.14,0.16,0.22,0.26,0.29,0.24,0.21,0.35,0.19,0.34,0.33,0.16,0.17,0.15,0.09,0.13,0.12,0.2,0.27,0.27,0.29,0.44,0.38,0.53,0.33,0.32,0.5,0.18,0.18,0.08,0.04,0.03,0.04,0.41,0.45,0.48,0.54,0.55,0.52,0.81,0.74,0.49,0.84,0.45,0.38,0.3,0.25,0.22,0.2,0.54,0.53,0.53,0.55,0.55,0.53,0.82,0.81,0.56,0.92,0.7,0.56,0.58,0.55,0.51,0.48
car,"A motion blur street scene with the car lights streaking.",0.06,0.07,0.07,0.08,0.09,0.11,0.14,0.21,0.26,0.25,0.2,0.15,0.11,0.09,0.08,0.07,0.07,0.07,0.08,0.09,0.1,0.12,0.16,0.3,0.66,0.72,0.42,0.18,0.13,0.11,0.09,0.08,0.07,0.08,0.08,0.09,0.1,0.13,0.16,0.31,0.73,0.85,0.49,0.2,0.15,0.11,0.09,0.08,0.07,0.08,0.09,0.09,0.1,0.11,0.15,0.24,0.33,0.37,0.25,0.19,0.15,0.11,0.09,0.08,0.08,0.09,0.09,0.09,0.11,0.12,0.15,0.18,0.22,0.25,0.18,0.15,0.13,0.1,0.12,0.2,0.08,0.09,0.09,0.1,0.11,0.11,0.13,0.15,0.18,0.19,0.15,0.13,0.11,0.14,0.23,0.22,0.09,0.09,0.1,0.11,0.11,0.11,0.12,0.13,0.14,0.16,0.12,0.11,0.09,0.21,0.25,0.13,0.08,0.1,0.1,0.11,0.11,0.12,0.12,0.13,0.13,0.14,0.11,0.11,0.09,0.22,0.22,0.13,0.09,0.1,0.12,0.16,0.17,0.15,0.14,0.13,0.11,0.14,0.11,0.11,0.12,0.22,0.19,0.13,0.12,0.1,0.12,0.34,0.52,0.19,0.19,0.17,0.25,0.14,0.13,0.15,0.16,0.15,0.12,0.13,0.16,0.13,0.15,0.33,0.3,0.17,0.18,0.29,0.28,0.18,0.15,0.18,0.18,0.14,0.11,0.11,0.2,0.18,0.28,0.42,0.29,0.23,0.24,0.27,0.2,0.2,0.12,0.13,0.16,0.1,0.07,0.07,0.46,0.36,0.31,0.53,0.61,0.49,0.41,0.41,0.41,0.4,0.37,0.34,0.32,0.3,0.29,0.33,0.39,0.41,0.4,0.76,0.89,0.84,0.77,0.75,0.71,0.69,0.65,0.57,0.55,0.54,0.51,0.49,0.36,0.36,0.41,0.49,0.62,0.62,0.59,0.56,0.54,0.51,0.47,0.46,0.44,0.44,0.44,0.43,0.37,0.38,0.4,0.41,0.42,0.44,0.44,0.45,0.45,0.45,0.45,0.45,0.45,0.45,0.44,0.45
car,"A gray cat on the hood of a black car",0.41,0.4,0.42,0.42,0.33,0.31,0.32,0.26,0.28,0.28,0.27,0.24,0.27,0.19,0.25,0.2,0.38,0.37,0.47,0.48,0.39,0.28,0.31,0.25,0.22,0.3,0.29,0.29,0.31,0.21,0.29,0.23,0.32,0.31,0.46,0.55,0.39,0.3,0.32,0.31,0.33,0.39,0.35,0.22,0.25,0.25,0.26,0.25,0.33,0.35,0.36,0.39,0.31,0.27,0.27,0.25,0.29,0.31,0.3,0.22,0.29,0.25,0.22,0.24,0.42,0.45,0.43,0.45,0.43,0.27,0.18,0.32,0.41,0.39,0.38,0.3,0.24,0.29,0.25,0.2,0.4,0.42,0.42,0.42,0.43,0.36,0.34,0.32,0.31,0.31,0.32,0.31,0.27,0.26,0.2,0.15,0.4,0.42,0.34,0.29,0.35,0.52,0.45,0.37,0.34,0.35,0.38,0.34,0.31,0.16,0.13,0.18,0.37,0.29,0.18,0.19,0.25,0.45,0.45,0.46,0.38,0.39,0.42,0.38,0.33,0.26,0.18,0.15,0.18,0.2,0.18,0.18,0.22,0.22,0.36,0.43,0.36,0.23,0.42,0.63,0.2,0.15,0.15,0.14,0.14,0.2,0.19,0.2,0.19,0.18,0.14,0.34,0.43,0.18,0.49,0.44,0.05,0.1,0.12,0.11,0.14,0.16,0.14,0.13,0.13,0.09,0.12,0.4,0.42,0.19,0.14,0.17,0.08,0.1,0.11,0.1,0.08,0.13,0.14,0.11,0.11,0.12,0.15,0.15,0.1,0.09,0.09,0.13,0.13,0.13,0.13,0.11,0.08,0.09,0.13,0.13,0.11,0.12,0.12,0.1,0.09,0.11,0.17,0.29,0.29,0.18,0.13,0.11,0.16,0.24,0.17,0.11,0.11,0.11,0.13,0.2,0.19,0.19,0.2,0.2,0.13,0.09,0.08,0.07,0.18,0.3,0.25,0.27,0.2,0.16,0.2,0.29,0.2,0.14,0.12,0.12,0.14,0.15,0.13,0.11,0.19,0.35,0.33,0.37,0.22,0.11,0.12,0.11,0.12,0.13,0.15,0.19,0.36,0.36,0.15,0.1
car,"A white car and a white bus parked parallel from one another.",0.82,0.81,0.81,0.81,0.81,0.82,0.81,0.8,0.79,0.75,0.8,0.79,0.8,0.79,0.79,0.67,0.83,0.83,0.83,0.83,0.84,0.79,0.8,0.84,0.81,0.77,0.83,0.82,0.82,0.84,0.7,0.49,0.85,0.85,0.85,0.85,0.86,0.77,0.82,0.85,0.83,0.78,0.85,0.84,0.84,0.86,0.65,0.38,0.87,0.89,0.91,0.9,0.91,0.88,0.88,0.89,0.86,0.83,0.91,0.89,0.89,0.91,0.67,0.43,0.8,0.76,0.68,0.63,0.8,0.77,0.79,0.71,0.74,0.75,0.78,0.76,0.75,0.76,0.73,0.71,0.58,0.57,0.56,0.58,0.57,0.58,0.61,0.59,0.6,0.55,0.5,0.53,0.42,0.43,0.4,0.56,0.59,0.59,0.6,0.61,0.67,0.66,0.67,0.69,0.66,0.65,0.64,0.63,0.62,0.68,0.58,0.54,0.33,0.35,0.39,0.39,0.5,0.52,0.53,0.5,0.49,0.51,0.53,0.52,0.53,0.58,0.47,0.53,0.33,0.29,0.57,0.62,0.2,0.19,0.19,0.22,0.34,0.44,0.38,0.35,0.34,0.34,0.31,0.47,0.4,0.4,0.6,0.73,0.56,0.44,0.4,0.41,0.44,0.45,0.49,0.4,0.36,0.52,0.51,0.65,0.41,0.58,0.61,0.31,0.37,0.57,0.58,0.57,0.58,0.58,0.45,0.34,0.62,0.82,0.78,0.71,0.27,0.3,0.18,0.33,0.27,0.22,0.35,0.33,0.29,0.26,0.25,0.34,0.35,0.52,0.62,0.68,0.39,0.44,0.47,0.4,0.4,0.34,0.37,0.39,0.41,0.44,0.49,0.53,0.53,0.55,0.62,0.67,0.59,0.68,0.68,0.65,0.67,0.69,0.69,0.66,0.7,0.69,0.69,0.7,0.71,0.7,0.68,0.67,0.67,0.67,0.67,0.68,0.67,0.67,0.69,0.67,0.67,0.67,0.67,0.66,0.65,0.65,0.64,0.63,0.67,0.67,0.66,0.67,0.66,0.65,0.65,0.64,0.64,0.64,0.65,0.65,0.65,0.65,0.66,0.66
car,"A collage shows a car; a gas station sign; and motor scooters.",0.13,0.16,0.15,0.15,0.11,0.44,0.63,0.61,0.64,0.66,0.32,0.16,0.21,0.2,0.2,0.15,0.21,0.24,0.22,0.22,0.16,0.5,0.69,0.69,0.74,0.87,0.56,0.24,0.33,0.3,0.31,0.23,0.2,0.22,0.2,0.19,0.16,0.36,0.5,0.65,0.59,0.72,0.53,0.22,0.29,0.27,0.27,0.21,0.17,0.22,0.2,0.2,0.14,0.56,0.72,0.67,0.62,0.68,0.52,0.19,0.23,0.22,0.23,0.17,0.18,0.2,0.2,0.19,0.13,0.61,1.0,0.95,0.93,1.0,0.52,0.18,0.22,0.21,0.24,0.2,0.17,0.19,0.18,0.18,0.16,0.27,0.61,0.78,0.75,0.6,0.28,0.2,0.2,0.17,0.19,0.17,0.13,0.17,0.18,0.17,0.15,0.35,0.49,0.47,0.44,0.39,0.29,0.18,0.19,0.18,0.18,0.14,0.07,0.15,0.18,0.17,0.15,0.31,0.42,0.45,0.51,0.5,0.34,0.11,0.08,0.09,0.09,0.08,0.06,0.14,0.18,0.16,0.13,0.47,0.58,0.47,0.63,0.56,0.37,0.11,0.07,0.07,0.08,0.07,0.06,0.13,0.17,0.16,0.13,0.35,0.53,0.51,0.62,0.52,0.29,0.11,0.06,0.07,0.07,0.06,0.05,0.13,0.17,0.15,0.13,0.35,0.37,0.41,0.61,0.54,0.4,0.11,0.06,0.06,0.06,0.05,0.05,0.13,0.16,0.15,0.11,0.46,0.38,0.34,0.64,0.7,0.42,0.09,0.06,0.06,0.06,0.05,0.05,0.13,0.16,0.15,0.13,0.27,0.37,0.46,0.57,0.54,0.36,0.1,0.06,0.07,0.06,0.05,0.04,0.13,0.15,0.15,0.13,0.35,0.5,0.45,0.6,0.65,0.43,0.09,0.06,0.07,0.06,0.05,0.05,0.13,0.15,0.15,0.15,0.28,0.36,0.42,0.6,0.65,0.35,0.11,0.06,0.07,0.07,0.05,0.04,0.09,0.11,0.11,0.1,0.21,0.31,0.31,0.33,0.3,0.22,0.1,0.04,0.05,0.05,0.04
car,"A black cat sits in a car and looks out.",0.37,0.64,0.23,0.27,0.29,0.25,0.25,0.28,0.4,0.31,0.32,0.38,0.31,0.67,0.91,0.93,0.25,0.28,0.2,0.24,0.25,0.31,0.37,0.55,0.77,0.31,0.33,0.58,0.45,0.7,0.97,0.93,0.2,0.21,0.25,0.29,0.23,0.31,0.46,0.44,0.45,0.34,0.29,0.52,0.59,0.53,0.91,0.99,0.16,0.21,0.29,0.35,0.25,0.28,0.36,0.35,0.33,0.37,0.35,0.33,0.51,0.44,0.45,0.62,0.15,0.19,0.21,0.22,0.22,0.25,0.3,0.31,0.29,0.28,0.3,0.26,0.21,0.23,0.2,0.22,0.13,0.13,0.12,0.16,0.17,0.2,0.23,0.22,0.21,0.2,0.18,0.23,0.2,0.16,0.19,0.21,0.14,0.1,0.12,0.12,0.14,0.24,0.24,0.22,0.24,0.24,0.22,0.25,0.28,0.25,0.25,0.29,0.13,0.1,0.09,0.1,0.16,0.26,0.27,0.25,0.25,0.26,0.26,0.26,0.27,0.28,0.26,0.28,0.11,0.14,0.08,0.09,0.22,0.27,0.33,0.35,0.33,0.3,0.25,0.26,0.25,0.25,0.27,0.25,0.1,0.13,0.09,0.07,0.23,0.31,0.3,0.33,0.33,0.3,0.25,0.24,0.25,0.23,0.26,0.27,0.1,0.1,0.06,0.16,0.26,0.29,0.3,0.29,0.31,0.31,0.24,0.22,0.25,0.24,0.22,0.27,0.1,0.09,0.09,0.22,0.29,0.27,0.29,0.28,0.27,0.28,0.26,0.19,0.23,0.29,0.35,0.4,0.06,0.12,0.15,0.15,0.27,0.27,0.26,0.27,0.25,0.25,0.26,0.29,0.32,0.37,0.4,0.39,0.12,0.08,0.2,0.15,0.23,0.27,0.25,0.24,0.24,0.26,0.28,0.33,0.35,0.34,0.36,0.38,0.27,0.09,0.15,0.18,0.22,0.23,0.22,0.22,0.23,0.26,0.28,0.29,0.31,0.31,0.28,0.26,0.38,0.18,0.09,0.21,0.26,0.22,0.21,0.22,0.22,0.2,0.17,0.15,0.13,0.15,0.16,0.15
car,"Some cars on a road with some buildings to the side",0.95,0.95,0.93,0.93,0.92,0.85,0.86,0.83,0.85,0.89,0.85,0.85,0.86,0.82,0.82,0.74,0.9,0.9,0.89,0.89,0.89,0.84,0.88,0.78,0.78,0.92,0.76,0.64,0.84,0.81,0.82,0.78,0.87,0.87,0.88,0.88,0.88,0.89,0.89,0.85,0.81,0.92,0.86,0.63,0.74,0.85,0.85,0.82,0.89,0.89,0.89,0.89,0.9,0.9,0.93,0.83,0.84,0.93,0.83,0.7,0.64,0.71,0.85,0.86,0.95,0.93,0.93,0.93,0.83,0.75,0.77,0.65,0.71,0.87,0.67,0.57,0.54,0.52,0.57,0.65,0.79,0.78,0.75,0.81,0.71,0.64,0.62,0.56,0.52,0.69,0.63,0.56,0.51,0.53,0.53,0.56,0.59,0.61,0.59,0.61,0.44,0.49,0.66,0.55,0.52,0.61,0.63,0.57,0.49,0.51,0.51,0.54,0.62,0.6,0.57,0.49,0.47,0.53,0.64,0.57,0.52,0.61,0.6,0.58,0.46,0.47,0.43,0.48,0.72,0.64,0.42,0.43,0.33,0.35,0.47,0.47,0.59,0.43,0.24,0.45,0.45,0.42,0.45,0.51,0.25,0.17,0.27,0.23,0.25,0.5,0.73,0.68,0.7,0.58,0.2,0.47,0.48,0.46,0.48,0.47,0.5,0.53,0.64,0.73,0.8,0.71,0.71,0.63,0.59,0.69,0.4,0.51,0.45,0.45,0.45,0.43,0.51,0.56,0.31,0.34,0.46,0.47,0.33,0.32,0.39,0.35,0.22,0.35,0.41,0.42,0.39,0.33,0.33,0.35,0.37,0.25,0.23,0.2,0.4,0.37,0.35,0.36,0.25,0.33,0.29,0.28,0.2,0.28,0.29,0.27,0.35,0.33,0.25,0.14,0.16,0.27,0.43,0.49,0.56,0.44,0.32,0.39,0.32,0.33,0.47,0.57,0.52,0.37,0.33,0.35,0.47,0.55,0.63,0.78,0.85,0.68,0.55,0.57,0.54,0.45,0.7,0.67,0.67,0.71,0.77,0.79,0.75,0.76,0.82,0.84,0.82,0.75,0.76,0.74,0.73,0.71
car,"A cat sitting on a car parked outside a building at night.",0.07,0.07,0.07,0.07,0.07,0.06,0.06,0.07,0.06,0.05,0.05,0.04,0.05,0.04,0.04,0.04,0.08,0.08,0.08,0.09,0.09,0.09,0.09,0.1,0.07,0.06,0.06,0.05,0.05,0.05,0.05,0.05,0.09,0.09,0.1,0.11,0.13,0.12,0.16,0.11,0.08,0.07,0.07,0.07,0.07,0.06,0.06,0.06,0.09,0.09,0.12,0.16,0.16,0.21,0.19,0.11,0.1,0.09,0.09,0.09,0.08,0.07,0.06,0.07,0.09,0.09,0.13,0.24,0.39,0.36,0.2,0.14,0.11,0.12,0.1,0.08,0.09,0.09,0.09,0.08,0.19,0.2,0.25,0.35,0.79,0.69,0.32,0.24,0.13,0.12,0.31,0.29,0.1,0.09,0.11,0.24,0.2,0.2,0.27,0.41,0.76,0.72,0.45,0.28,0.16,0.15,0.4,0.47,0.14,0.27,0.22,0.31,0.18,0.18,0.19,0.28,0.38,0.32,0.29,0.24,0.14,0.14,0.22,0.25,0.13,0.15,0.14,0.11,0.2,0.17,0.18,0.18,0.15,0.16,0.15,0.13,0.11,0.08,0.05,0.05,0.07,0.05,0.06,0.07,0.13,0.13,0.15,0.12,0.13,0.11,0.13,0.1,0.08,0.07,0.07,0.06,0.05,0.05,0.05,0.05,0.08,0.14,0.18,0.15,0.1,0.08,0.11,0.11,0.07,0.06,0.05,0.05,0.05,0.05,0.05,0.05,0.19,0.13,0.17,0.42,0.2,0.07,0.1,0.1,0.06,0.05,0.05,0.04,0.04,0.04,0.04,0.04,0.18,0.21,0.14,0.2,0.18,0.08,0.13,0.12,0.06,0.05,0.05,0.04,0.04,0.04,0.04,0.04,0.08,0.16,0.35,0.22,0.1,0.06,0.18,0.15,0.07,0.04,0.04,0.04,0.04,0.04,0.04,0.04,0.05,0.08,0.23,0.24,0.15,0.1,0.13,0.13,0.07,0.05,0.04,0.04,0.04,0.04,0.04,0.04,0.05,0.06,0.07,0.14,0.16,0.13,0.09,0.09,0.07,0.05,0.04,0.04,0.04,0.04,0.04,0.04
car,"A side mirror shows a dog sticking its head out of a car window.",0.75,0.69,0.73,0.74,0.76,0.78,0.77,0.72,0.63,0.51,0.39,0.27,0.18,0.11,0.16,0.27,0.78,0.72,0.82,0.78,0.64,0.47,0.29,0.14,0.05,0.02,0.04,0.09,0.15,0.21,0.14,0.06,0.86,0.82,0.56,0.22,0.06,0.04,0.13,0.27,0.42,0.53,0.61,0.66,0.68,0.69,0.59,0.14,0.83,0.35,0.03,0.03,0.18,0.45,0.58,0.64,0.64,0.63,0.61,0.6,0.59,0.59,0.57,0.18,0.25,0.02,0.07,0.14,0.16,0.15,0.13,0.12,0.12,0.12,0.13,0.14,0.15,0.17,0.22,0.13,0.25,0.15,0.25,0.19,0.18,0.18,0.17,0.16,0.16,0.16,0.16,0.16,0.16,0.16,0.22,0.13,0.25,0.24,0.22,0.16,0.19,0.18,0.2,0.2,0.21,0.2,0.2,0.2,0.2,0.2,0.2,0.14,0.09,0.22,0.33,0.16,0.14,0.16,0.13,0.1,0.16,0.11,0.16,0.18,0.17,0.25,0.17,0.11,0.05,0.13,0.23,0.16,0.16,0.17,0.14,0.15,0.16,0.16,0.18,0.25,0.27,0.2,0.14,0.07,0.05,0.08,0.09,0.1,0.14,0.13,0.11,0.11,0.11,0.11,0.17,0.31,0.21,0.09,0.08,0.07,0.05,0.1,0.12,0.14,0.18,0.47,0.46,0.42,0.39,0.35,0.33,0.33,0.26,0.31,0.13,0.08,0.04,0.06,0.25,0.22,0.26,0.57,0.54,0.53,0.53,0.55,0.45,0.31,0.25,0.29,0.25,0.12,0.44,0.15,0.13,0.13,0.24,0.46,0.53,0.55,0.52,0.53,0.36,0.39,0.27,0.25,0.13,0.12,0.65,0.62,0.47,0.31,0.16,0.09,0.13,0.21,0.3,0.4,0.32,0.36,0.31,0.17,0.15,0.07,0.6,0.6,0.64,0.65,0.6,0.5,0.35,0.22,0.12,0.07,0.09,0.13,0.21,0.15,0.08,0.04,0.6,0.58,0.59,0.57,0.6,0.63,0.62,0.62,0.56,0.45,0.33,0.24,0.36,0.37,0.34,0.24
car,"A car that has slid into a light pole on a snow covered road.",0.73,0.73,0.75,0.76,0.77,0.78,0.77,0.77,0.78,0.78,0.75,0.73,0.78,0.8,0.62,0.66,0.73,0.73,0.75,0.74,0.76,0.79,0.79,0.78,0.78,0.77,0.75,0.75,0.8,0.61,0.34,0.43,0.69,0.73,0.73,0.75,0.69,0.56,0.57,0.74,0.78,0.76,0.75,0.75,0.81,0.45,0.22,0.29,0.69,0.75,0.75,0.65,0.5,0.42,0.44,0.6,0.71,0.77,0.73,0.73,0.76,0.6,0.25,0.27,0.72,0.79,0.76,0.55,0.4,0.37,0.4,0.44,0.49,0.62,0.73,0.76,0.76,0.44,0.26,0.25,0.57,0.58,0.56,0.44,0.31,0.29,0.26,0.24,0.27,0.23,0.41,0.69,0.53,0.25,0.24,0.23,0.36,0.48,0.39,0.26,0.25,0.23,0.26,0.21,0.2,0.2,0.25,0.44,0.35,0.47,0.31,0.25,0.54,0.45,0.43,0.44,0.33,0.27,0.36,0.34,0.39,0.29,0.29,0.27,0.24,0.28,0.18,0.14,0.25,0.28,0.45,0.65,0.57,0.58,0.67,0.66,0.55,0.42,0.44,0.47,0.53,0.43,0.38,0.38,0.52,0.49,0.49,0.63,0.86,0.82,0.81,0.72,0.35,0.42,0.44,0.41,0.44,0.53,0.66,0.84,0.23,0.28,0.28,0.46,0.84,0.76,0.74,0.73,0.56,0.42,0.43,0.54,0.56,0.6,0.67,0.73,0.23,0.22,0.38,0.6,0.75,0.72,0.7,0.7,0.76,0.8,0.79,0.8,0.78,0.76,0.73,0.7,0.4,0.6,0.72,0.72,0.69,0.68,0.69,0.71,0.73,0.72,0.72,0.72,0.71,0.71,0.71,0.71,0.75,0.76,0.71,0.69,0.67,0.69,0.71,0.71,0.72,0.71,0.71,0.71,0.71,0.7,0.7,0.7,0.72,0.71,0.69,0.69,0.71,0.72,0.69,0.72,0.72,0.71,0.71,0.71,0.71,0.71,0.71,0.7,0.69,0.7,0.71,0.72,0.73,0.71,0.7,0.73,0.71,0.72,0.71,0.71,0.71,0.71,0.71,0.7
car,"An orange; black and white cat on top of a car.",0.01,0.01,0.01,0.01,0.01,0.01,0.01,0.01,0.01,0.01,0.01,0.01,0.01,0.01,0.01,0.01,0.01,0.01,0.01,0.01,0.01,0.01,0.01,0.01,0.01,0.01,0.01,0.01,0.01,0.01,0.01,0.01,0.01,0.01,0.01,0.01,0.01,0.01,0.01,0.01,0.01,0.01,0.01,0.01,0.01,0.01,0.01,0.01,0.01,0.01,0.01,0.01,0.01,0.01,0.01,0.01,0.01,0.01,0.01,0.01,0.01,0.01,0.01,0.01,0.01,0.02,0.01,0.01,0.01,0.01,0.01,0.01,0.01,0.01,0.01,0.02,0.01,0.01,0.01,0.01,0.01,0.01,0.01,0.01,0.01,0.01,0.01,0.01,0.01,0.01,0.02,0.02,0.01,0.01,0.01,0.02,0.01,0.01,0.01,0.01,0.01,0.01,0.02,0.02,0.02,0.01,0.0,0.0,0.02,0.01,0.0,0.1,0.01,0.01,0.01,0.01,0.01,0.02,0.01,0.0,0.0,0.03,0.1,0.07,0.0,0.0,0.2,0.1,0.01,0.01,0.01,0.01,0.02,0.0,0.04,0.15,0.44,0.26,0.31,0.43,0.27,0.15,0.36,0.2,0.01,0.01,0.01,0.02,0.0,0.23,0.56,0.47,0.74,0.52,0.27,0.49,0.64,0.31,0.31,0.07,0.01,0.01,0.01,0.0,0.09,0.67,0.86,0.87,0.75,0.52,0.42,0.55,0.49,0.37,0.36,0.32,0.01,0.01,0.01,0.01,0.04,0.32,0.69,0.74,0.43,0.52,0.61,0.36,0.25,0.26,0.24,0.24,0.01,0.01,0.01,0.02,0.0,0.07,0.42,0.33,0.45,0.6,0.55,0.32,0.36,0.36,0.34,0.32,0.01,0.01,0.02,0.0,0.07,0.34,0.35,0.48,0.58,0.51,0.35,0.22,0.24,0.39,0.42,0.44,0.01,0.01,0.01,0.04,0.27,0.38,0.45,0.61,0.52,0.37,0.2,0.02,0.05,0.11,0.1,0.17,0.02,0.01,0.08,0.11,0.15,0.59,0.47,0.35,0.39,0.33,0.11,0.08,0.19,0.2,0.15,0.18
car,"A parking meter in front of a fenced in car park.",0.29,0.2,0.22,0.2,0.17,0.16,0.18,0.2,0.13,0.13,0.21,0.2,0.16,0.16,0.23,0.11,0.25,0.23,0.2,0.27,0.2,0.22,0.19,0.2,0.2,0.27,0.21,0.19,0.18,0.18,0.17,0.13,0.29,0.3,0.26,0.41,0.36,0.24,0.29,0.25,0.32,0.57,0.4,0.24,0.43,0.3,0.22,0.18,0.28,0.31,0.22,0.37,0.43,0.39,0.38,0.43,0.46,0.8,0.72,0.35,0.58,0.56,0.38,0.17,0.24,0.32,0.24,0.39,0.42,0.44,0.41,0.42,0.49,0.81,0.75,0.36,0.54,0.56,0.46,0.08,0.25,0.29,0.25,0.4,0.33,0.43,0.44,0.35,0.45,0.61,0.56,0.35,0.55,0.51,0.54,0.18,0.28,0.3,0.21,0.38,0.44,0.39,0.34,0.36,0.45,0.43,0.32,0.28,0.53,0.51,0.5,0.2,0.15,0.21,0.24,0.33,0.41,0.35,0.33,0.43,0.49,0.42,0.38,0.31,0.48,0.45,0.46,0.18,0.36,0.34,0.21,0.33,0.11,0.2,0.3,0.38,0.37,0.35,0.34,0.31,0.41,0.31,0.41,0.17,0.15,0.16,0.21,0.23,0.14,0.18,0.2,0.23,0.26,0.36,0.25,0.25,0.33,0.43,0.49,0.18,0.13,0.11,0.15,0.17,0.11,0.1,0.12,0.14,0.22,0.51,0.38,0.09,0.32,0.46,0.44,0.19,0.18,0.2,0.22,0.22,0.11,0.13,0.18,0.17,0.23,0.39,0.44,0.26,0.3,0.22,0.25,0.14,0.2,0.3,0.34,0.4,0.15,0.15,0.21,0.19,0.29,0.42,0.47,0.38,0.58,0.56,0.56,0.2,0.17,0.17,0.16,0.21,0.13,0.15,0.1,0.13,0.21,0.29,0.26,0.23,0.25,0.23,0.23,0.12,0.17,0.12,0.11,0.11,0.11,0.12,0.14,0.22,0.21,0.21,0.22,0.16,0.13,0.12,0.13,0.12,0.2,0.27,0.27,0.25,0.28,0.3,0.32,0.34,0.31,0.28,0.29,0.29,0.29,0.28,0.25,0.23
car,"A motorcycle sitting in front of a classic Ford Mustang Car.",1.0,1.0,1.0,1.0,0.99,0.99,0.78,0.39,0.36,0.4,0.33,0.29,0.28,0.3,0.25,0.2,0.95,0.82,0.94,0.97,1.0,1.0,0.7,0.34,0.26,0.29,0.25,0.2,0.18,0.2,0.14,0.12,0.87,0.71,0.72,0.62,0.63,0.84,0.72,0.29,0.24,0.3,0.41,0.44,0.18,0.18,0.18,0.2,0.7,0.73,0.72,0.74,0.64,0.56,0.52,0.33,0.31,0.27,0.42,0.51,0.47,0.42,0.24,0.24,0.72,0.85,0.87,0.82,0.8,0.68,0.65,0.63,0.27,0.08,0.31,0.47,0.58,0.63,0.44,0.44,0.54,0.58,0.33,0.27,0.3,0.24,0.47,0.55,0.09,0.05,0.24,0.51,0.23,0.75,0.8,0.75,0.42,0.42,0.31,0.34,0.24,0.28,0.56,0.48,0.19,0.16,0.23,0.43,0.25,0.33,0.71,0.7,0.41,0.13,0.04,0.08,0.12,0.2,0.21,0.56,0.36,0.25,0.02,0.48,0.43,0.22,0.67,0.75,0.54,0.43,0.38,0.45,0.5,0.13,0.29,0.43,0.16,0.19,0.11,0.61,0.54,0.24,0.36,0.42,0.66,0.75,0.73,0.71,0.58,0.32,0.34,0.29,0.47,0.34,0.24,0.34,0.62,0.33,0.48,0.3,0.67,0.66,0.64,0.7,0.64,0.37,0.36,0.58,0.54,0.16,0.29,0.47,0.62,0.46,0.76,0.72,0.69,0.64,0.66,0.66,0.61,0.36,0.31,0.51,0.29,0.15,0.47,0.47,0.42,0.56,0.59,0.66,0.72,0.62,0.67,0.63,0.62,0.54,0.4,0.42,0.26,0.31,0.53,0.55,0.51,0.72,0.67,0.62,0.76,0.59,0.65,0.66,0.63,0.58,0.51,0.36,0.27,0.4,0.53,0.51,0.72,0.66,0.61,0.56,0.79,0.59,0.58,0.6,0.64,0.58,0.61,0.52,0.42,0.37,0.56,0.51,0.53,0.53,0.47,0.53,0.76,0.66,0.57,0.6,0.63,0.58,0.56,0.58,0.56,0.38,0.5,0.53,0.49,0.49,0.49,0.51
car,"A grey and white dog sitting in the passenger side of a car.",0.4,0.32,0.35,0.33,0.22,0.33,0.38,0.38,0.42,0.35,0.15,0.1,0.14,0.28,0.08,0.06,0.51,0.49,0.51,0.51,0.34,0.35,0.21,0.21,0.42,0.28,0.07,0.13,0.11,0.14,0.08,0.06,0.6,0.6,0.6,0.61,0.67,0.48,0.3,0.56,0.52,0.2,0.11,0.14,0.07,0.04,0.09,0.07,0.64,0.64,0.64,0.63,0.62,0.54,0.51,0.44,0.49,0.45,0.24,0.16,0.11,0.09,0.13,0.13,0.56,0.51,0.46,0.39,0.31,0.25,0.22,0.17,0.3,0.6,0.42,0.23,0.19,0.16,0.12,0.12,0.29,0.26,0.24,0.22,0.22,0.24,0.24,0.21,0.4,0.79,0.55,0.32,0.22,0.2,0.13,0.14,0.24,0.25,0.27,0.28,0.29,0.28,0.27,0.24,0.39,0.82,0.64,0.43,0.3,0.19,0.15,0.2,0.22,0.16,0.24,0.32,0.3,0.29,0.29,0.26,0.31,0.74,0.62,0.44,0.37,0.25,0.31,0.32,0.25,0.22,0.24,0.25,0.28,0.27,0.25,0.25,0.29,0.69,0.55,0.42,0.44,0.48,0.44,0.36,0.16,0.18,0.18,0.17,0.19,0.22,0.23,0.21,0.25,0.68,0.52,0.47,0.56,0.55,0.41,0.28,0.15,0.15,0.13,0.17,0.16,0.16,0.18,0.1,0.5,0.79,0.51,0.52,0.6,0.56,0.42,0.28,0.13,0.11,0.15,0.17,0.14,0.13,0.09,0.33,0.89,0.65,0.44,0.53,0.66,0.62,0.48,0.33,0.13,0.12,0.13,0.14,0.26,0.5,0.6,0.82,0.79,0.46,0.46,0.64,0.68,0.59,0.47,0.36,0.12,0.15,0.16,0.47,0.55,0.53,0.75,0.82,0.54,0.74,0.63,0.51,0.58,0.53,0.39,0.3,0.08,0.08,0.42,0.63,0.58,0.54,0.71,0.49,0.51,0.78,0.38,0.24,0.31,0.43,0.41,0.31,0.07,0.24,0.61,0.55,0.67,0.85,0.6,0.5,0.64,0.63,0.42,0.32,0.23,0.26,0.35,0.3
car,"Black cat sitting on the engine of a black car.",0.45,0.44,0.36,0.37,0.38,0.36,0.33,0.25,0.39,0.39,0.19,0.41,0.52,0.2,0.02,0.03,0.85,0.71,0.67,0.65,0.53,0.36,0.23,0.27,0.47,0.41,0.49,0.6,0.26,0.09,0.04,0.03,0.67,0.6,0.62,0.65,0.65,0.48,0.38,0.53,0.55,0.52,0.49,0.4,0.08,0.06,0.05,0.02,0.51,0.58,0.58,0.54,0.51,0.51,0.56,0.56,0.54,0.52,0.5,0.48,0.34,0.11,0.07,0.04,0.57,0.53,0.57,0.53,0.55,0.39,0.28,0.49,0.48,0.53,0.54,0.51,0.53,0.4,0.1,0.04,0.45,0.53,0.48,0.54,0.52,0.51,0.15,0.13,0.15,0.25,0.53,0.52,0.51,0.54,0.4,0.11,0.47,0.53,0.41,0.51,0.64,0.65,0.37,0.19,0.21,0.15,0.36,0.55,0.51,0.5,0.51,0.44,0.53,0.53,0.45,0.48,0.58,0.49,0.3,0.39,0.38,0.32,0.41,0.41,0.53,0.54,0.52,0.49,0.51,0.45,0.45,0.49,0.46,0.23,0.24,0.38,0.27,0.33,0.42,0.37,0.5,0.54,0.51,0.49,0.76,0.5,0.42,0.57,0.43,0.16,0.44,0.47,0.43,0.41,0.38,0.34,0.38,0.36,0.35,0.34,0.6,0.42,0.31,0.39,0.2,0.3,0.53,0.62,0.61,0.6,0.56,0.56,0.51,0.42,0.4,0.38,0.42,0.71,0.73,0.25,0.16,0.4,0.41,0.45,0.45,0.54,0.49,0.5,0.47,0.42,0.4,0.42,0.77,0.79,0.56,0.27,0.24,0.25,0.35,0.4,0.52,0.55,0.54,0.49,0.41,0.45,0.38,0.36,0.71,0.69,0.36,0.11,0.24,0.2,0.26,0.47,0.5,0.46,0.45,0.45,0.46,0.53,0.51,0.45,0.72,0.55,0.17,0.07,0.29,0.2,0.34,0.48,0.44,0.44,0.4,0.31,0.38,0.38,0.36,0.32,0.55,0.29,0.04,0.08,0.09,0.07,0.28,0.27,0.29,0.32,0.31,0.32,0.44,0.38,0.36,0.35
car,"Cars waiting at a red traffic light with a dome shaped building in the distance.",0.77,0.72,0.65,0.76,0.74,0.67,0.68,0.62,0.68,0.76,0.72,0.82,0.91,0.81,0.73,0.73,0.75,0.64,0.63,0.66,0.74,0.66,0.56,0.56,0.56,0.53,0.52,0.64,0.7,0.73,0.68,0.66,0.72,0.64,0.56,0.56,0.69,0.52,0.46,0.51,0.44,0.45,0.56,0.43,0.56,0.59,0.58,0.55,0.71,0.64,0.62,0.53,0.62,0.43,0.55,0.68,0.62,0.52,0.4,0.29,0.5,0.65,0.62,0.45,0.62,0.62,0.62,0.65,0.71,0.6,0.54,0.61,0.51,0.3,0.23,0.24,0.3,0.49,0.5,0.24,0.36,0.59,0.59,0.71,0.62,0.5,0.59,0.49,0.43,0.29,0.22,0.22,0.25,0.51,0.42,0.17,0.66,0.65,0.5,0.78,0.82,0.62,0.76,0.64,0.51,0.49,0.31,0.23,0.38,0.51,0.39,0.17,0.57,0.73,0.54,0.73,0.78,0.59,0.54,0.72,0.56,0.47,0.49,0.41,0.45,0.42,0.38,0.17,0.31,0.42,0.4,0.38,0.32,0.32,0.26,0.26,0.31,0.29,0.29,0.27,0.25,0.35,0.37,0.33,0.16,0.16,0.25,0.31,0.24,0.24,0.3,0.25,0.25,0.25,0.33,0.22,0.41,0.58,0.29,0.55,0.23,0.19,0.39,0.3,0.31,0.24,0.21,0.22,0.24,0.24,0.27,0.39,0.8,0.64,0.5,0.64,0.28,0.26,0.35,0.29,0.35,0.25,0.21,0.22,0.22,0.25,0.23,0.54,0.97,0.61,0.35,0.49,0.33,0.31,0.2,0.18,0.14,0.13,0.09,0.19,0.32,0.32,0.21,0.57,0.95,0.68,0.2,0.22,0.71,0.59,0.2,0.21,0.2,0.21,0.18,0.25,0.45,0.57,0.63,0.55,0.52,0.45,0.43,0.32,0.71,0.62,0.58,0.51,0.48,0.49,0.55,0.58,0.62,0.72,0.82,0.8,0.6,0.36,0.26,0.47,0.64,0.61,0.56,0.51,0.49,0.48,0.52,0.54,0.54,0.61,0.67,0.76,0.85,0.71,0.5,0.4
car,"Two rows of cars parked next to a boat.",0.76,0.78,0.78,0.55,0.76,0.89,0.96,0.96,0.98,0.89,0.68,0.53,0.26,0.2,0.38,0.74,0.78,0.84,0.6,0.95,0.94,0.98,1.0,0.99,0.84,0.62,0.39,0.2,0.31,0.65,0.92,0.92,0.86,0.62,0.94,1.0,0.97,1.0,0.95,0.74,0.47,0.24,0.27,0.61,0.91,0.97,0.92,0.91,0.59,0.77,1.0,0.98,0.97,0.86,0.58,0.31,0.26,0.57,0.9,1.0,0.96,0.93,0.8,0.51,0.75,0.95,0.95,0.93,0.86,0.38,0.25,0.49,0.85,1.0,0.98,0.77,0.52,0.39,0.27,0.21,0.96,1.0,0.8,0.46,0.56,0.65,0.78,1.0,0.79,0.53,0.44,0.33,0.27,0.26,0.28,0.21,0.89,0.7,0.44,0.56,0.83,1.0,0.9,0.58,0.4,0.25,0.25,0.22,0.15,0.14,0.25,0.21,0.56,0.51,0.71,0.47,0.46,0.49,0.41,0.13,0.22,0.32,0.31,0.29,0.35,0.33,0.11,0.14,0.82,0.9,0.65,0.21,0.21,0.35,0.24,0.3,0.46,0.22,0.39,0.33,0.34,0.19,0.03,0.05,0.52,0.35,0.26,0.39,0.35,0.41,0.07,0.36,0.53,0.09,0.05,0.0,0.19,0.12,0.05,0.0,0.15,0.38,0.32,0.3,0.22,0.11,0.13,0.34,0.25,0.11,0.06,0.41,0.48,0.18,0.1,0.39,0.18,0.16,0.04,0.06,0.36,0.15,0.51,0.17,0.07,0.33,0.32,0.49,0.32,0.0,0.11,0.41,0.22,0.09,0.17,0.16,0.42,0.49,0.4,0.35,0.47,0.1,0.2,0.14,0.11,0.18,0.33,0.29,0.15,0.05,0.14,0.19,0.28,0.37,0.21,0.33,0.22,0.05,0.09,0.14,0.1,0.11,0.09,0.09,0.0,0.05,0.15,0.2,0.18,0.16,0.16,0.1,0.03,0.11,0.12,0.04,0.07,0.02,0.01,0.0,0.04,0.13,0.16,0.13,0.11,0.11,0.06,0.04,0.05,0.04,0.02,0.02,0.02,0.02,0.03,0.02
car,"an old car in front of an old air plane",0.68,0.67,0.67,0.67,0.67,0.68,0.68,0.68,0.67,0.67,0.67,0.67,0.67,0.67,0.67,0.67,0.69,0.7,0.71,0.71,0.71,0.7,0.7,0.7,0.7,0.71,0.7,0.69,0.7,0.69,0.69,0.69,0.67,0.67,0.68,0.69,0.71,0.73,0.73,0.73,0.73,0.7,0.72,0.75,0.71,0.73,0.75,0.73,0.51,0.59,0.65,0.67,0.67,0.67,0.69,0.73,0.76,0.74,0.61,0.66,0.52,0.54,0.55,0.62,0.06,0.09,0.23,0.4,0.55,0.66,0.67,0.63,0.6,0.62,0.39,0.35,0.61,0.66,0.64,0.67,0.11,0.1,0.09,0.07,0.11,0.19,0.33,0.31,0.3,0.32,0.24,0.25,0.61,0.71,0.5,0.43,0.29,0.21,0.13,0.09,0.02,0.02,0.05,0.08,0.09,0.11,0.16,0.15,0.17,0.22,0.24,0.14,0.31,0.46,0.69,0.72,0.73,0.69,0.57,0.55,0.48,0.33,0.21,0.15,0.09,0.13,0.24,0.2,0.16,0.44,0.6,0.58,0.43,0.29,0.49,0.55,0.36,0.35,0.4,0.32,0.0,0.0,0.2,0.52,0.39,0.46,0.48,0.27,0.25,0.2,0.35,0.16,0.04,0.05,0.12,0.28,0.35,0.35,0.32,0.55,0.24,0.26,0.4,0.34,0.33,0.38,0.33,0.34,0.36,0.38,0.35,0.34,0.4,0.52,0.49,0.41,0.18,0.22,0.25,0.28,0.32,0.3,0.32,0.31,0.3,0.33,0.37,0.29,0.4,0.3,0.4,0.37,0.34,0.25,0.23,0.23,0.22,0.19,0.17,0.18,0.2,0.22,0.26,0.16,0.45,0.36,0.44,0.4,0.29,0.47,0.19,0.38,0.36,0.35,0.43,0.39,0.36,0.35,0.36,0.19,0.29,0.42,0.22,0.2,0.05,0.54,0.42,0.56,0.15,0.19,0.2,0.15,0.13,0.13,0.11,0.1,0.06,0.01,0.03,0.03,0.25,0.34,0.61,0.44,0.31,0.29,0.3,0.32,0.33,0.35,0.37,0.39,0.41,0.41,0.4,0.4
car,"Two men ride bikes next to the cars in the street.",0.62,0.72,0.62,0.78,0.63,0.76,0.68,0.66,0.77,0.6,0.6,0.78,0.81,0.76,0.61,0.67,0.64,0.75,0.61,0.75,0.62,0.7,0.67,0.62,0.69,0.61,0.6,0.77,0.81,0.76,0.62,0.66,0.63,0.74,0.6,0.7,0.6,0.7,0.67,0.64,0.77,0.61,0.6,0.76,0.81,0.76,0.63,0.67,0.56,0.74,0.61,0.78,0.62,0.71,0.69,0.63,0.76,0.61,0.59,0.75,0.81,0.78,0.62,0.65,0.43,0.48,0.51,0.62,0.59,0.67,0.66,0.58,0.75,0.6,0.58,0.76,0.82,0.67,0.61,0.64,0.31,0.37,0.4,0.68,0.67,0.75,0.76,0.69,0.8,0.71,0.69,0.72,0.72,0.65,0.65,0.68,0.32,0.35,0.6,0.57,0.53,0.49,0.42,0.45,0.35,0.33,0.38,0.26,0.42,0.71,0.46,0.34,0.36,0.39,0.58,0.4,0.15,0.24,0.33,0.38,0.31,0.27,0.4,0.39,0.47,0.68,0.48,0.33,0.36,0.38,0.4,0.6,0.35,0.4,0.51,0.5,0.45,0.45,0.49,0.43,0.23,0.34,0.35,0.32,0.45,0.44,0.38,0.47,0.5,0.44,0.51,0.73,0.74,0.71,0.73,0.54,0.27,0.18,0.24,0.25,0.4,0.36,0.42,0.35,0.38,0.49,0.43,0.47,0.54,0.68,0.78,0.55,0.34,0.31,0.34,0.24,0.21,0.2,0.21,0.2,0.29,0.38,0.24,0.22,0.36,0.31,0.37,0.3,0.45,0.58,0.57,0.55,0.11,0.1,0.18,0.22,0.16,0.22,0.16,0.14,0.11,0.11,0.24,0.32,0.36,0.55,0.59,0.62,0.24,0.21,0.23,0.25,0.22,0.23,0.21,0.15,0.22,0.24,0.25,0.45,0.55,0.67,0.71,0.7,0.56,0.57,0.51,0.42,0.45,0.46,0.49,0.53,0.58,0.61,0.61,0.65,0.7,0.71,0.7,0.71,0.64,0.65,0.67,0.69,0.71,0.71,0.71,0.75,0.75,0.74,0.76,0.75,0.76,0.78,0.77,0.76
car,"Rows of cars parked on the side of a city street going uphill.",1.0,1.0,1.0,1.0,1.0,1.0,0.99,1.0,0.78,0.45,0.42,0.48,0.46,0.3,0.29,0.35,1.0,1.0,1.0,1.0,1.0,1.0,1.0,1.0,0.8,0.52,0.45,0.47,0.42,0.35,0.41,0.35,1.0,1.0,1.0,1.0,1.0,1.0,0.99,1.0,0.63,0.38,0.44,0.48,0.29,0.42,0.5,0.51,1.0,1.0,1.0,1.0,1.0,1.0,1.0,0.95,0.6,0.36,0.43,0.53,0.37,0.41,0.46,0.44,0.9,1.0,0.95,1.0,1.0,1.0,0.99,0.71,0.5,0.49,0.45,0.56,0.41,0.42,0.47,0.4,0.87,0.82,0.6,0.94,1.0,1.0,1.0,0.68,0.57,0.51,0.43,0.53,0.38,0.52,0.43,0.34,0.51,0.69,0.49,0.8,1.0,0.99,0.98,0.82,0.49,0.35,0.32,0.55,0.41,0.52,0.46,0.36,0.33,0.55,0.49,0.64,0.91,1.0,1.0,0.51,0.26,0.32,0.33,0.42,0.45,0.48,0.43,0.32,0.24,0.26,0.4,0.64,0.9,0.94,0.58,0.3,0.33,0.37,0.3,0.39,0.44,0.2,0.12,0.18,0.24,0.15,0.38,0.67,0.58,0.31,0.2,0.23,0.24,0.26,0.22,0.23,0.38,0.24,0.21,0.2,0.17,0.17,0.21,0.22,0.27,0.11,0.09,0.17,0.2,0.2,0.2,0.13,0.24,0.2,0.14,0.19,0.19,0.22,0.26,0.35,0.46,0.41,0.34,0.38,0.3,0.38,0.27,0.22,0.24,0.22,0.17,0.2,0.44,0.48,0.6,0.61,0.6,0.48,0.46,0.23,0.33,0.6,0.29,0.18,0.16,0.19,0.14,0.2,0.45,0.57,0.61,0.6,0.44,0.18,0.29,0.54,0.62,0.59,0.34,0.17,0.17,0.2,0.23,0.22,0.24,0.25,0.4,0.34,0.27,0.15,0.21,0.55,0.62,0.61,0.58,0.53,0.45,0.32,0.16,0.2,0.15,0.11,0.16,0.15,0.19,0.15,0.33,0.58,0.6,0.64,0.45,0.25,0.27,0.24,0.18,0.2
car,"an air plane wing with a parking lot with cars",0.49,0.5,0.51,0.51,0.49,0.47,0.46,0.48,0.48,0.49,0.51,0.51,0.5,0.51,0.49,0.49,0.63,0.6,0.59,0.6,0.61,0.6,0.62,0.6,0.61,0.62,0.62,0.61,0.6,0.59,0.59,0.6,0.67,0.67,0.66,0.65,0.67,0.64,0.47,0.66,0.7,0.68,0.71,0.69,0.7,0.69,0.68,0.67,0.68,0.68,0.7,0.76,0.8,0.69,0.54,0.74,0.76,0.75,0.75,0.75,0.75,0.78,0.76,0.74,0.83,0.87,0.85,0.75,0.68,0.66,0.69,0.68,0.69,0.7,0.73,0.74,0.75,0.75,0.75,0.75,0.91,0.84,0.83,0.56,0.52,0.54,0.53,0.53,0.54,0.54,0.44,0.39,0.44,0.47,0.46,0.51,0.55,0.43,0.53,0.42,0.44,0.45,0.45,0.49,0.51,0.55,0.4,0.32,0.36,0.31,0.37,0.33,0.67,0.6,0.59,0.73,0.77,0.7,0.57,0.34,0.4,0.45,0.45,0.44,0.47,0.44,0.44,0.35,0.58,0.42,0.52,0.48,0.5,0.45,0.53,0.47,0.34,0.52,0.55,0.52,0.49,0.56,0.56,0.45,0.45,0.45,0.51,0.41,0.42,0.49,0.51,0.54,0.41,0.36,0.36,0.47,0.5,0.47,0.48,0.42,0.52,0.47,0.51,0.51,0.44,0.45,0.49,0.49,0.49,0.43,0.29,0.31,0.43,0.42,0.41,0.45,0.45,0.45,0.54,0.44,0.51,0.54,0.45,0.55,0.59,0.65,0.55,0.35,0.19,0.32,0.38,0.45,0.57,0.61,0.69,0.55,0.61,0.57,0.57,0.59,0.6,0.57,0.45,0.49,0.38,0.2,0.25,0.39,0.46,0.52,0.47,0.45,0.41,0.44,0.42,0.4,0.45,0.44,0.42,0.53,0.42,0.38,0.25,0.14,0.42,0.38,0.38,0.44,0.37,0.36,0.38,0.43,0.36,0.38,0.42,0.36,0.43,0.46,0.44,0.31,0.33,0.32,0.36,0.45,0.44,0.42,0.33,0.39,0.36,0.36,0.44,0.41,0.39,0.51,0.43,0.32
car,"A woman walking on a cross walk with cars driving on it.",0.39,0.47,0.43,0.41,0.46,0.54,0.53,0.51,0.57,0.6,0.57,0.57,0.61,0.51,0.51,0.71,0.54,0.72,0.56,0.47,0.49,0.65,0.55,0.5,0.77,0.83,0.52,0.72,0.69,0.56,0.35,0.34,0.39,0.43,0.49,0.46,0.53,0.72,0.66,0.56,0.8,0.89,0.62,0.78,0.66,0.51,0.53,0.5,0.5,0.58,0.5,0.32,0.64,0.49,0.54,0.6,0.59,0.69,0.31,0.41,0.54,0.4,0.5,0.53,0.62,0.67,0.65,0.41,0.41,0.33,0.36,0.65,0.57,0.61,0.5,0.49,0.55,0.49,0.45,0.45,0.4,0.45,0.44,0.47,0.36,0.67,0.8,0.4,0.24,0.36,0.53,0.45,0.4,0.45,0.22,0.34,0.51,0.68,0.42,0.34,0.51,0.6,0.68,0.53,0.47,0.35,0.31,0.26,0.16,0.27,0.25,0.1,0.42,0.39,0.24,0.27,0.58,0.67,0.63,0.67,0.82,0.4,0.13,0.11,0.01,0.22,0.35,0.0,0.22,0.14,0.16,0.08,0.38,0.64,0.57,0.4,0.49,0.47,0.46,0.32,0.21,0.42,0.2,0.04,0.27,0.37,0.22,0.19,0.34,0.42,0.65,0.46,0.4,0.45,0.35,0.16,0.11,0.19,0.11,0.07,0.53,0.26,0.24,0.43,0.42,0.45,0.56,0.44,0.38,0.62,0.35,0.38,0.26,0.05,0.16,0.05,0.56,0.41,0.35,0.35,0.36,0.4,0.63,0.43,0.47,0.6,0.41,0.42,0.36,0.14,0.0,0.15,0.61,0.6,0.55,0.54,0.56,0.52,0.55,0.55,0.6,0.64,0.47,0.39,0.39,0.34,0.34,0.36,0.65,0.62,0.6,0.59,0.58,0.56,0.56,0.58,0.6,0.59,0.52,0.27,0.19,0.36,0.45,0.42,0.53,0.62,0.62,0.66,0.64,0.62,0.61,0.62,0.63,0.61,0.57,0.55,0.49,0.44,0.42,0.44,0.35,0.58,0.65,0.67,0.66,0.66,0.65,0.65,0.64,0.63,0.62,0.59,0.58,0.57,0.56,0.55
car,"A black and white cat lays on the hood of a car.",0.18,0.3,0.34,0.18,0.23,0.27,0.23,0.24,0.4,0.33,0.27,0.36,0.43,0.46,0.3,0.49,0.17,0.27,0.56,0.53,0.46,0.55,0.55,0.52,0.58,0.61,0.51,0.46,0.47,0.4,0.35,0.38,0.3,0.25,0.22,0.2,0.2,0.18,0.22,0.18,0.2,0.22,0.14,0.15,0.13,0.15,0.13,0.15,0.2,0.05,0.03,0.02,0.08,0.08,0.15,0.16,0.17,0.17,0.09,0.09,0.08,0.07,0.08,0.09,0.07,0.06,0.05,0.08,0.12,0.13,0.09,0.09,0.11,0.12,0.09,0.11,0.1,0.05,0.07,0.07,0.08,0.06,0.05,0.09,0.16,0.18,0.09,0.09,0.08,0.08,0.09,0.11,0.11,0.07,0.05,0.06,0.07,0.05,0.05,0.07,0.09,0.09,0.2,0.25,0.16,0.09,0.09,0.09,0.08,0.09,0.06,0.05,0.06,0.07,0.11,0.1,0.08,0.08,0.26,0.27,0.3,0.18,0.09,0.11,0.07,0.05,0.05,0.05,0.09,0.1,0.11,0.07,0.01,0.02,0.09,0.2,0.19,0.11,0.16,0.18,0.21,0.13,0.08,0.1,0.23,0.32,0.11,0.07,0.36,0.4,0.36,0.4,0.62,0.2,0.02,0.3,0.45,0.07,0.1,0.14,0.14,0.12,0.16,0.73,0.82,0.78,0.82,0.78,0.74,0.63,0.38,0.67,0.43,0.31,0.31,0.03,0.11,0.25,0.67,0.71,0.56,0.63,0.61,0.58,0.54,0.56,0.51,0.56,0.53,0.52,0.38,0.13,0.6,0.54,0.46,0.42,0.27,0.38,0.47,0.44,0.45,0.43,0.4,0.51,0.51,0.42,0.41,0.38,0.55,0.62,0.79,0.67,0.69,0.78,0.76,0.73,0.74,0.76,0.75,0.75,0.72,0.7,0.7,0.65,0.82,0.84,0.81,0.82,0.82,0.8,0.8,0.8,0.79,0.78,0.77,0.76,0.74,0.73,0.7,0.71,0.84,0.82,0.81,0.8,0.8,0.79,0.78,0.78,0.78,0.77,0.76,0.75,0.73,0.72,0.7,0.7
car,"A dog looking out the window of a car.",0.18,0.17,0.35,0.33,0.47,0.4,0.36,0.41,0.34,0.37,0.54,0.38,0.27,0.25,0.24,0.25,0.22,0.55,0.67,0.35,0.35,0.35,0.38,0.3,0.33,0.47,0.49,0.33,0.25,0.22,0.18,0.25,0.38,0.78,0.81,0.48,0.47,0.33,0.38,0.36,0.27,0.33,0.52,0.53,0.32,0.29,0.16,0.2,0.4,0.8,0.86,0.62,0.64,0.37,0.35,0.24,0.15,0.2,0.42,0.44,0.4,0.33,0.32,0.33,0.47,0.85,0.9,0.62,0.62,0.59,0.53,0.52,0.49,0.16,0.25,0.49,0.44,0.37,0.33,0.32,0.48,0.85,0.87,0.6,0.61,0.62,0.62,0.6,0.38,0.18,0.21,0.38,0.54,0.54,0.51,0.42,0.4,0.83,0.87,0.56,0.58,0.57,0.57,0.45,0.32,0.21,0.16,0.26,0.4,0.34,0.5,0.56,0.58,0.83,0.81,0.64,0.64,0.61,0.55,0.38,0.26,0.11,0.05,0.13,0.22,0.3,0.46,0.5,0.85,0.96,0.93,0.93,0.92,0.91,0.54,0.3,0.26,0.11,0.05,0.08,0.18,0.3,0.38,0.44,0.73,0.85,0.85,0.88,0.85,0.67,0.43,0.36,0.29,0.15,0.06,0.12,0.21,0.22,0.31,0.29,0.7,0.78,0.78,0.73,0.39,0.45,0.43,0.39,0.23,0.1,0.05,0.17,0.19,0.23,0.26,0.16,0.66,0.73,0.72,0.73,0.37,0.26,0.18,0.17,0.21,0.07,0.08,0.18,0.17,0.21,0.14,0.11,0.56,0.65,0.66,0.68,0.66,0.5,0.25,0.11,0.13,0.12,0.09,0.19,0.16,0.13,0.13,0.15,0.36,0.44,0.39,0.39,0.47,0.45,0.21,0.06,0.07,0.11,0.07,0.18,0.16,0.15,0.13,0.16,0.57,0.67,0.41,0.39,0.62,0.51,0.43,0.31,0.19,0.12,0.07,0.21,0.22,0.15,0.12,0.27,0.46,0.52,0.36,0.46,0.62,0.6,0.56,0.45,0.31,0.21,0.1,0.12,0.14,0.15,0.23,0.39
cat,"A white cat caught a bird outside on a patio.",0.96,0.92,0.79,0.6,0.27,0.33,0.6,0.42,0.16,0.18,0.26,0.17,0.14,0.22,0.37,0.31,0.93,0.87,0.69,0.5,0.42,0.38,0.17,0.33,0.58,0.23,0.16,0.11,0.13,0.35,0.47,0.58,0.91,0.85,0.67,0.7,0.42,0.11,0.5,0.87,0.71,0.19,0.17,0.09,0.09,0.27,0.28,0.85,0.94,0.92,0.85,0.76,0.5,0.31,0.54,0.53,0.28,0.26,0.25,0.1,0.11,0.35,0.16,0.34,0.96,0.94,0.89,0.73,0.51,0.18,0.13,0.14,0.23,0.25,0.23,0.16,0.22,0.51,0.34,0.33,0.94,0.94,0.77,0.38,0.23,0.22,0.15,0.14,0.27,0.18,0.22,0.16,0.35,0.48,0.24,0.22,0.89,0.95,0.75,0.42,0.29,0.33,0.18,0.28,0.32,0.18,0.25,0.15,0.49,0.28,0.21,0.23,0.55,0.95,0.93,0.69,0.51,0.4,0.22,0.42,0.27,0.35,0.44,0.09,0.39,0.22,0.22,0.22,0.03,0.53,0.82,0.69,0.42,0.2,0.05,0.47,0.27,0.24,0.27,0.13,0.16,0.16,0.16,0.16,0.15,0.21,0.31,0.33,0.15,0.0,0.0,0.36,0.37,0.2,0.11,0.09,0.04,0.04,0.02,0.05,0.47,0.56,0.45,0.33,0.16,0.09,0.25,0.47,0.29,0.21,0.13,0.16,0.09,0.03,0.02,0.05,0.37,0.24,0.5,0.22,0.22,0.36,0.6,0.7,0.39,0.11,0.13,0.2,0.22,0.13,0.12,0.15,0.22,0.4,0.27,0.34,0.51,0.27,0.56,0.56,0.33,0.18,0.13,0.09,0.11,0.15,0.17,0.18,0.43,0.23,0.35,0.57,0.31,0.0,0.36,0.42,0.18,0.14,0.12,0.09,0.13,0.16,0.14,0.14,0.28,0.26,0.52,0.33,0.07,0.0,0.04,0.18,0.07,0.07,0.1,0.22,0.3,0.28,0.32,0.4,0.28,0.49,0.34,0.24,0.42,0.3,0.18,0.1,0.42,0.35,0.53,0.73,0.83,0.83,0.86,0.88
cat,"a man sleeping with his cat next to him",0.15,0.11,0.13,0.21,0.16,0.08,0.2,0.71,0.84,0.85,0.87,0.89,0.8,0.57,0.46,0.52,0.17,0.12,0.13,0.18,0.12,0.07,0.22,0.72,0.81,0.83,0.84,0.85,0.75,0.54,0.47,0.52,0.16,0.13,0.11,0.17,0.11,0.06,0.23,0.74,0.8,0.81,0.83,0.81,0.71,0.52,0.47,0.5,0.15,0.13,0.11,0.16,0.1,0.05,0.25,0.75,0.79,0.82,0.76,0.57,0.41,0.43,0.47,0.52,0.15,0.12,0.1,0.15,0.09,0.04,0.27,0.73,0.62,0.53,0.41,0.42,0.4,0.4,0.44,0.51,0.15,0.13,0.11,0.14,0.08,0.04,0.24,0.45,0.12,0.04,0.14,0.38,0.47,0.52,0.58,0.49,0.11,0.1,0.1,0.12,0.07,0.04,0.17,0.27,0.06,0.04,0.13,0.17,0.16,0.25,0.45,0.36,0.11,0.1,0.12,0.11,0.07,0.07,0.2,0.2,0.04,0.05,0.1,0.11,0.09,0.14,0.27,0.24,0.11,0.1,0.09,0.12,0.08,0.07,0.09,0.21,0.12,0.02,0.05,0.07,0.08,0.07,0.09,0.11,0.16,0.16,0.08,0.05,0.04,0.03,0.04,0.09,0.17,0.09,0.04,0.04,0.07,0.08,0.06,0.07,0.17,0.18,0.07,0.05,0.05,0.06,0.05,0.06,0.05,0.09,0.08,0.04,0.04,0.05,0.05,0.05,0.05,0.04,0.05,0.07,0.12,0.14,0.05,0.07,0.11,0.12,0.1,0.09,0.04,0.04,0.04,0.05,0.05,0.07,0.07,0.07,0.15,0.09,0.04,0.04,0.06,0.1,0.06,0.08,0.07,0.04,0.04,0.04,0.04,0.1,0.11,0.16,0.16,0.04,0.04,0.03,0.03,0.03,0.04,0.05,0.07,0.08,0.09,0.06,0.04,0.16,0.08,0.09,0.11,0.03,0.04,0.09,0.12,0.05,0.04,0.04,0.05,0.05,0.09,0.16,0.05,0.27,0.18,0.05,0.05,0.03,0.04,0.08,0.19,0.15,0.04,0.04,0.05,0.05,0.06,0.12
cat,"A blue eyed tabby cat crouched on the ground.",0.33,0.33,0.33,0.36,0.39,0.43,0.42,0.42,0.43,0.44,0.43,0.45,0.46,0.44,0.44,0.44,0.36,0.33,0.35,0.36,0.38,0.4,0.41,0.41,0.42,0.42,0.42,0.43,0.44,0.42,0.43,0.42,0.33,0.33,0.35,0.35,0.34,0.35,0.37,0.38,0.38,0.38,0.39,0.42,0.44,0.43,0.43,0.43,0.35,0.33,0.34,0.34,0.34,0.36,0.37,0.36,0.36,0.38,0.39,0.42,0.45,0.46,0.46,0.46,0.36,0.36,0.36,0.36,0.37,0.37,0.39,0.36,0.35,0.38,0.39,0.41,0.43,0.44,0.45,0.45,0.3,0.24,0.25,0.25,0.27,0.29,0.34,0.34,0.33,0.32,0.34,0.4,0.4,0.4,0.41,0.42,0.29,0.24,0.24,0.19,0.22,0.24,0.21,0.25,0.31,0.31,0.29,0.35,0.52,0.4,0.38,0.56,0.39,0.33,0.34,0.31,0.33,0.27,0.23,0.31,0.33,0.33,0.32,0.33,0.44,0.45,0.51,0.62,0.4,0.33,0.35,0.36,0.23,0.26,0.31,0.33,0.44,0.38,0.21,0.39,0.4,0.7,0.72,0.61,0.5,0.44,0.45,0.38,0.23,0.31,0.38,0.37,0.45,0.25,0.23,0.49,0.67,0.79,0.91,0.73,0.51,0.48,0.49,0.29,0.26,0.29,0.37,0.4,0.27,0.16,0.28,0.49,0.87,0.81,0.89,0.74,0.63,0.64,0.6,0.23,0.23,0.26,0.29,0.36,0.34,0.15,0.21,0.5,0.95,0.99,0.78,0.76,0.53,0.49,0.46,0.18,0.2,0.27,0.34,0.32,0.43,0.4,0.24,0.62,0.88,0.8,0.72,0.75,0.27,0.25,0.21,0.15,0.16,0.19,0.22,0.45,0.65,0.55,0.57,0.85,0.79,0.6,0.61,0.59,0.6,0.58,0.56,0.5,0.45,0.43,0.44,0.58,0.7,0.55,0.54,0.77,0.84,0.76,0.75,0.73,0.77,0.77,0.78,0.78,0.8,0.8,0.8,0.76,0.74,0.74,0.72,0.73,0.73,0.73,0.7,0.67
cat,"A tiger cat sitting in a white bathtub.",0.63,0.62,0.61,0.6,0.6,0.6,0.61,0.61,0.62,0.63,0.64,0.65,0.65,0.66,0.67,0.67,0.63,0.62,0.61,0.59,0.58,0.58,0.59,0.6,0.61,0.62,0.63,0.64,0.65,0.66,0.67,0.68,0.63,0.62,0.6,0.58,0.56,0.55,0.56,0.58,0.59,0.61,0.62,0.63,0.64,0.66,0.67,0.68,0.63,0.61,0.59,0.57,0.53,0.53,0.53,0.55,0.58,0.6,0.62,0.63,0.64,0.66,0.67,0.67,0.63,0.6,0.57,0.54,0.51,0.4,0.42,0.51,0.56,0.58,0.61,0.62,0.64,0.65,0.66,0.67,0.63,0.59,0.54,0.5,0.29,0.24,0.27,0.19,0.28,0.47,0.6,0.61,0.62,0.64,0.65,0.66,0.63,0.57,0.51,0.36,0.18,0.27,0.26,0.17,0.2,0.41,0.59,0.57,0.6,0.62,0.64,0.65,0.63,0.56,0.41,0.22,0.22,0.27,0.26,0.27,0.27,0.35,0.49,0.61,0.64,0.64,0.65,0.66,0.66,0.56,0.32,0.19,0.22,0.25,0.35,0.38,0.37,0.28,0.18,0.25,0.56,0.68,0.67,0.69,0.69,0.59,0.31,0.16,0.21,0.28,0.28,0.36,0.33,0.45,0.56,0.29,0.22,0.69,0.69,0.7,0.72,0.63,0.4,0.2,0.19,0.29,0.36,0.35,0.4,0.57,0.67,0.65,0.5,0.69,0.71,0.7,0.75,0.67,0.52,0.35,0.24,0.31,0.41,0.44,0.42,0.6,0.67,0.7,0.73,0.72,0.72,0.64,0.76,0.7,0.58,0.47,0.38,0.32,0.42,0.42,0.43,0.67,0.74,0.76,0.78,0.8,0.77,0.65,0.92,0.91,0.89,0.88,0.88,0.87,0.9,0.91,0.91,0.94,0.95,0.96,0.96,0.98,0.87,0.69,0.96,0.97,0.97,0.98,0.98,0.98,0.97,0.96,0.96,0.95,0.95,0.95,0.94,0.96,0.81,0.74,0.87,0.9,0.91,0.91,0.92,0.92,0.92,0.92,0.92,0.92,0.92,0.93,0.92,0.93,0.76,0.76
cat,"A parked jeep with a cat laying on it's hood.",0.8,0.64,0.68,0.47,0.37,0.34,0.34,0.37,0.44,0.38,0.27,0.27,0.36,0.34,0.33,0.28,0.78,0.74,0.74,0.69,0.67,0.67,0.64,0.61,0.64,0.64,0.47,0.25,0.35,0.33,0.35,0.52,0.26,0.28,0.27,0.31,0.29,0.17,0.22,0.38,0.35,0.35,0.33,0.25,0.35,0.31,0.37,0.55,0.14,0.27,0.55,0.49,0.34,0.24,0.32,0.61,0.49,0.53,0.58,0.43,0.48,0.29,0.33,0.42,0.2,0.2,0.24,0.16,0.21,0.28,0.33,0.69,0.59,0.49,0.65,0.49,0.42,0.29,0.29,0.4,0.26,0.2,0.22,0.27,0.26,0.35,0.33,0.45,0.47,0.49,0.46,0.33,0.35,0.27,0.26,0.42,0.26,0.25,0.22,0.23,0.26,0.26,0.24,0.25,0.32,0.2,0.26,0.19,0.23,0.45,0.38,0.35,0.17,0.15,0.12,0.11,0.13,0.12,0.24,0.36,0.69,0.47,0.46,0.17,0.19,0.46,0.55,0.53,0.15,0.11,0.14,0.16,0.22,0.25,0.31,0.3,0.39,0.42,0.4,0.29,0.34,0.45,0.41,0.44,0.1,0.16,0.18,0.23,0.3,0.31,0.29,0.3,0.33,0.35,0.39,0.41,0.35,0.27,0.18,0.14,0.06,0.06,0.05,0.04,0.06,0.07,0.07,0.09,0.11,0.12,0.2,0.21,0.23,0.18,0.03,0.04,0.05,0.04,0.03,0.04,0.03,0.03,0.04,0.04,0.05,0.04,0.12,0.05,0.34,0.41,0.12,0.02,0.05,0.03,0.01,0.03,0.11,0.15,0.14,0.19,0.15,0.16,0.16,0.11,0.25,0.61,0.16,0.02,0.02,0.03,0.02,0.07,0.12,0.14,0.16,0.19,0.18,0.16,0.16,0.11,0.11,0.17,0.16,0.15,0.16,0.05,0.03,0.04,0.0,0.0,0.0,0.01,0.14,0.23,0.2,0.1,0.11,0.36,0.15,0.04,0.36,0.29,0.09,0.02,0.02,0.03,0.04,0.01,0.01,0.05,0.06,0.03,0.03,0.15,0.06,0.04
cat,"A calico cat drinks water from a faucet.",0.67,0.68,0.75,0.71,0.78,0.84,0.83,0.76,0.7,0.85,0.82,0.76,0.8,0.82,0.8,0.82,0.56,0.58,0.6,0.61,0.63,0.63,0.64,0.64,0.64,0.64,0.64,0.63,0.63,0.65,0.65,0.66,0.52,0.53,0.52,0.54,0.54,0.54,0.53,0.52,0.53,0.52,0.52,0.5,0.48,0.47,0.47,0.47,0.58,0.58,0.6,0.62,0.63,0.64,0.65,0.63,0.65,0.61,0.61,0.59,0.57,0.57,0.56,0.57,0.62,0.63,0.65,0.66,0.68,0.72,0.55,0.61,0.49,0.43,0.62,0.61,0.58,0.56,0.56,0.58,0.63,0.65,0.65,0.71,0.62,0.29,0.05,0.14,0.04,0.25,0.69,0.61,0.51,0.5,0.57,0.57,0.64,0.66,0.66,0.74,0.5,0.23,0.26,0.11,0.05,0.36,0.67,0.6,0.54,0.41,0.49,0.46,0.65,0.66,0.65,0.69,0.6,0.42,0.43,0.07,0.0,0.27,0.8,0.73,0.44,0.29,0.24,0.28,0.66,0.66,0.65,0.69,0.66,0.56,0.35,0.05,0.14,0.62,0.75,0.46,0.41,0.25,0.15,0.03,0.67,0.65,0.63,0.68,0.64,0.59,0.74,0.63,0.64,0.7,0.21,0.0,0.26,0.25,0.11,0.04,0.65,0.64,0.63,0.65,0.61,0.55,0.68,0.71,0.73,0.38,0.05,0.02,0.11,0.19,0.16,0.06,0.63,0.54,0.55,0.59,0.54,0.54,0.7,0.76,0.5,0.06,0.04,0.02,0.06,0.24,0.25,0.15,0.63,0.6,0.53,0.55,0.6,0.64,0.64,0.82,0.42,0.0,0.05,0.04,0.01,0.2,0.46,0.53,0.57,0.56,0.51,0.53,0.56,0.55,0.55,0.67,0.71,0.13,0.0,0.04,0.0,0.25,0.66,0.69,0.67,0.65,0.67,0.7,0.7,0.67,0.71,0.71,0.75,0.71,0.34,0.05,0.0,0.21,0.67,0.61,0.74,0.76,0.77,0.79,0.66,0.53,0.62,0.73,0.66,0.69,0.72,0.45,0.07,0.33,0.62,0.51
cat,"A gray and white tiger striped cat sitting in front of a brickwall",0.26,0.27,0.28,0.3,0.34,0.35,0.34,0.35,0.36,0.36,0.36,0.37,0.37,0.36,0.36,0.36,0.27,0.26,0.28,0.29,0.33,0.35,0.35,0.35,0.35,0.35,0.35,0.37,0.36,0.36,0.36,0.36,0.27,0.27,0.29,0.29,0.29,0.31,0.31,0.32,0.33,0.33,0.33,0.35,0.35,0.35,0.35,0.35,0.25,0.26,0.27,0.27,0.27,0.29,0.3,0.3,0.31,0.31,0.32,0.36,0.37,0.38,0.37,0.37,0.27,0.29,0.29,0.29,0.3,0.3,0.31,0.29,0.29,0.32,0.33,0.35,0.36,0.38,0.38,0.38,0.24,0.26,0.25,0.26,0.27,0.28,0.31,0.29,0.28,0.27,0.3,0.33,0.33,0.33,0.34,0.36,0.15,0.16,0.15,0.14,0.17,0.2,0.21,0.22,0.24,0.24,0.27,0.3,0.31,0.32,0.43,0.39,0.26,0.27,0.25,0.22,0.25,0.2,0.16,0.23,0.26,0.25,0.25,0.25,0.25,0.19,0.48,0.48,0.25,0.25,0.25,0.26,0.2,0.2,0.23,0.28,0.33,0.32,0.27,0.38,0.33,0.29,0.3,0.53,0.35,0.34,0.35,0.29,0.16,0.27,0.27,0.3,0.45,0.35,0.23,0.58,0.84,0.64,0.44,0.71,0.37,0.36,0.37,0.23,0.21,0.28,0.34,0.31,0.26,0.16,0.29,0.52,0.95,0.93,0.8,0.66,0.48,0.51,0.42,0.17,0.21,0.22,0.29,0.31,0.21,0.13,0.25,0.43,0.89,0.96,0.69,0.66,0.48,0.53,0.4,0.13,0.17,0.23,0.24,0.27,0.31,0.18,0.14,0.51,0.93,0.85,0.66,0.71,0.27,0.26,0.18,0.1,0.14,0.21,0.25,0.35,0.47,0.47,0.45,0.77,0.69,0.52,0.55,0.55,0.32,0.29,0.27,0.21,0.19,0.18,0.22,0.49,0.58,0.38,0.54,0.84,0.78,0.62,0.61,0.59,0.66,0.65,0.64,0.63,0.63,0.63,0.65,0.63,0.64,0.6,0.57,0.64,0.66,0.65,0.62,0.62
cat,"An orange cat sits on a stoop in front of a door.",0.6,0.04,0.0,0.02,0.01,0.01,0.02,0.0,0.15,0.63,0.62,0.62,0.62,0.62,0.62,0.62,0.61,0.04,0.0,0.04,0.01,0.01,0.04,0.0,0.15,0.67,0.67,0.66,0.66,0.66,0.66,0.66,0.62,0.04,0.0,0.01,0.01,0.01,0.02,0.0,0.15,0.69,0.69,0.69,0.69,0.69,0.69,0.69,0.61,0.04,0.0,0.01,0.01,0.01,0.02,0.01,0.16,0.7,0.71,0.71,0.71,0.71,0.71,0.71,0.6,0.04,0.0,0.0,0.0,0.0,0.0,0.0,0.15,0.74,0.74,0.73,0.73,0.73,0.73,0.73,0.54,0.06,0.02,0.04,0.04,0.04,0.12,0.15,0.17,0.71,0.73,0.73,0.73,0.74,0.73,0.73,0.5,0.46,0.48,0.49,0.48,0.51,0.5,0.52,0.51,0.69,0.76,0.75,0.75,0.76,0.74,0.73,0.73,0.76,0.77,0.78,0.76,0.78,0.77,0.76,0.79,0.77,0.75,0.75,0.74,0.72,0.69,0.64,0.73,0.73,0.75,0.76,0.75,0.76,0.76,0.75,0.75,0.76,0.75,0.75,0.73,0.71,0.68,0.64,0.75,0.76,0.76,0.76,0.76,0.76,0.76,0.76,0.76,0.75,0.75,0.73,0.72,0.71,0.68,0.65,0.82,0.83,0.83,0.83,0.83,0.83,0.83,0.82,0.81,0.81,0.8,0.78,0.77,0.75,0.72,0.69,0.71,0.71,0.71,0.72,0.72,0.72,0.72,0.72,0.72,0.71,0.71,0.7,0.69,0.68,0.66,0.63,0.83,0.83,0.83,0.84,0.84,0.84,0.84,0.83,0.83,0.81,0.8,0.8,0.78,0.77,0.75,0.72,0.68,0.7,0.71,0.71,0.72,0.72,0.72,0.71,0.71,0.7,0.7,0.7,0.69,0.68,0.67,0.66,0.76,0.77,0.78,0.79,0.8,0.8,0.8,0.8,0.8,0.8,0.8,0.8,0.79,0.78,0.76,0.75,0.74,0.75,0.74,0.74,0.75,0.74,0.73,0.74,0.73,0.72,0.71,0.71,0.7,0.69,0.68,0.66
cat,"Black cat with green eyes sitting in a bathroom sink.",0.64,0.64,0.65,0.65,0.66,0.38,0.49,0.6,0.6,0.64,0.65,0.2,0.29,0.73,0.72,0.76,0.67,0.67,0.68,0.69,0.64,0.24,0.21,0.5,0.52,0.51,0.34,0.23,0.44,0.75,0.75,0.78,0.7,0.71,0.71,0.73,0.55,0.32,0.34,0.05,0.21,0.18,0.04,0.25,0.5,0.79,0.78,0.81,0.71,0.71,0.71,0.73,0.65,0.25,0.17,0.02,0.18,0.18,0.06,0.05,0.42,0.8,0.79,0.82,0.73,0.73,0.73,0.71,0.69,0.37,0.12,0.16,0.09,0.06,0.23,0.23,0.27,0.79,0.82,0.85,0.75,0.74,0.73,0.66,0.62,0.38,0.17,0.33,0.17,0.11,0.26,0.27,0.29,0.63,0.84,0.86,0.75,0.71,0.77,0.64,0.45,0.27,0.24,0.17,0.2,0.2,0.24,0.21,0.35,0.49,0.73,0.89,0.68,0.73,0.51,0.3,0.2,0.21,0.19,0.24,0.33,0.33,0.29,0.2,0.37,0.39,0.58,0.75,0.57,0.33,0.13,0.13,0.15,0.24,0.16,0.13,0.14,0.16,0.11,0.15,0.43,0.47,0.62,0.59,0.24,0.15,0.16,0.12,0.11,0.25,0.15,0.07,0.07,0.06,0.06,0.19,0.42,0.35,0.53,0.59,0.17,0.19,0.13,0.07,0.14,0.26,0.27,0.15,0.11,0.09,0.07,0.24,0.39,0.32,0.51,0.62,0.17,0.15,0.07,0.04,0.11,0.2,0.31,0.18,0.11,0.08,0.08,0.34,0.41,0.45,0.48,0.55,0.12,0.04,0.01,0.02,0.05,0.16,0.21,0.06,0.04,0.04,0.11,0.5,0.55,0.62,0.52,0.47,0.2,0.15,0.13,0.11,0.16,0.27,0.24,0.15,0.17,0.19,0.29,0.53,0.57,0.53,0.56,0.56,0.45,0.47,0.49,0.47,0.49,0.53,0.56,0.53,0.51,0.55,0.53,0.53,0.6,0.6,0.6,0.6,0.57,0.61,0.64,0.63,0.62,0.65,0.63,0.58,0.58,0.61,0.6,0.63,0.68,0.71,0.71,0.7
cat,"A Calico cat laying on the hood of a Mercedes.",0.68,0.73,0.74,0.76,0.76,0.76,0.76,0.78,0.74,0.88,0.85,0.8,0.79,0.69,0.56,0.43,0.68,0.73,0.72,0.73,0.74,0.7,0.79,0.78,0.85,0.81,0.78,0.73,0.65,0.65,0.54,0.39,0.57,0.58,0.65,0.59,0.68,0.74,0.79,0.78,0.93,0.81,0.73,0.61,0.53,0.71,0.55,0.28,0.46,0.36,0.49,0.57,0.67,0.65,0.75,0.77,0.66,0.72,0.65,0.7,0.77,0.8,0.74,0.54,0.42,0.38,0.45,0.43,0.4,0.44,0.8,0.71,0.67,0.43,0.49,0.58,0.52,0.49,0.4,0.41,0.5,0.46,0.42,0.35,0.33,0.41,0.63,0.71,0.6,0.38,0.47,0.37,0.38,0.35,0.36,0.35,0.45,0.4,0.34,0.35,0.36,0.36,0.54,0.42,0.34,0.31,0.31,0.35,0.43,0.53,0.47,0.41,0.4,0.33,0.35,0.35,0.39,0.58,0.59,0.43,0.38,0.28,0.25,0.26,0.49,0.56,0.38,0.44,0.35,0.42,0.39,0.47,0.58,0.52,0.44,0.37,0.27,0.25,0.24,0.29,0.32,0.35,0.46,0.49,0.31,0.36,0.48,0.58,0.46,0.35,0.31,0.21,0.23,0.27,0.29,0.37,0.3,0.4,0.49,0.47,0.35,0.35,0.31,0.28,0.41,0.38,0.24,0.25,0.31,0.3,0.27,0.27,0.35,0.5,0.42,0.4,0.29,0.29,0.33,0.36,0.53,0.5,0.41,0.33,0.3,0.29,0.32,0.42,0.49,0.41,0.44,0.67,0.39,0.34,0.31,0.25,0.36,0.27,0.29,0.29,0.3,0.28,0.35,0.38,0.36,0.56,0.83,0.85,0.39,0.52,0.68,0.56,0.53,0.42,0.3,0.25,0.26,0.29,0.3,0.44,0.74,0.88,0.8,0.56,0.24,0.23,0.28,0.49,0.68,0.74,0.75,0.69,0.59,0.4,0.46,0.67,0.76,0.71,0.47,0.33,0.28,0.27,0.22,0.32,0.18,0.23,0.36,0.45,0.6,0.77,0.56,0.23,0.45,0.32,0.53,0.44
cat,"A black and white cat standing in a white bathroom sink.",0.61,0.54,0.57,0.61,0.58,0.58,0.53,0.31,0.23,0.49,0.64,0.7,0.68,0.65,0.63,0.6,0.59,0.53,0.52,0.62,0.62,0.62,0.56,0.38,0.37,0.49,0.58,0.68,0.67,0.67,0.67,0.64,0.65,0.69,0.72,0.72,0.72,0.72,0.73,0.73,0.69,0.74,0.76,0.87,0.89,0.63,0.53,0.58,0.69,0.72,0.73,0.73,0.75,0.75,0.74,0.7,0.73,0.59,0.3,0.48,0.94,0.86,0.37,0.19,0.69,0.63,0.75,0.78,0.74,0.74,0.73,0.8,0.75,0.08,0.02,0.16,0.76,0.73,0.64,0.6,0.72,0.54,0.45,0.58,0.53,0.62,0.81,1.0,0.87,0.35,0.32,0.5,0.72,0.62,0.62,0.62,0.75,0.49,0.49,0.37,0.4,0.31,0.26,0.93,0.89,0.86,0.69,0.67,0.63,0.6,0.53,0.51,0.71,0.46,0.61,0.62,0.34,0.56,0.12,0.73,0.8,0.71,0.69,0.64,0.64,0.61,0.52,0.51,0.78,0.77,0.67,0.67,0.63,0.69,0.54,0.67,0.71,0.67,0.68,0.6,0.6,0.59,0.52,0.5,0.79,0.82,0.75,0.64,0.66,0.68,0.7,0.68,0.67,0.69,0.65,0.51,0.56,0.55,0.49,0.48,0.66,0.65,0.64,0.65,0.69,0.69,0.67,0.68,0.75,0.78,0.63,0.55,0.59,0.46,0.45,0.55,0.7,0.67,0.64,0.62,0.67,0.68,0.68,0.79,0.83,0.68,0.55,0.66,0.67,0.42,0.45,0.65,0.79,0.78,0.73,0.71,0.67,0.67,0.75,0.77,0.61,0.55,0.71,0.91,0.64,0.42,0.43,0.41,0.88,0.83,0.82,0.69,0.6,0.64,0.62,0.64,0.73,0.89,0.93,0.67,0.44,0.44,0.4,0.36,0.67,0.81,0.82,0.8,0.85,0.87,0.88,0.9,0.86,0.71,0.51,0.42,0.44,0.42,0.38,0.37,0.24,0.34,0.46,0.58,0.64,0.63,0.59,0.5,0.42,0.4,0.43,0.44,0.44,0.45,0.45,0.43
cat,"a cat looking out from an open doorway",0.53,0.55,0.56,0.56,0.62,0.27,0.04,0.02,0.1,0.62,0.47,0.5,0.53,0.51,0.47,0.43,0.49,0.51,0.53,0.58,0.61,0.7,0.4,0.18,0.25,0.62,0.58,0.57,0.56,0.55,0.52,0.49,0.49,0.51,0.51,0.51,0.64,0.73,0.41,0.34,0.43,0.63,0.51,0.49,0.51,0.49,0.46,0.44,0.56,0.58,0.62,0.56,0.64,0.38,0.14,0.47,0.36,0.62,0.49,0.57,0.58,0.55,0.53,0.51,0.53,0.54,0.56,0.55,0.65,0.37,0.4,0.75,0.52,0.65,0.51,0.54,0.57,0.58,0.57,0.57,0.55,0.55,0.56,0.56,0.63,0.37,0.38,0.33,0.31,0.67,0.5,0.54,0.58,0.58,0.56,0.54,0.55,0.55,0.56,0.56,0.62,0.37,0.26,0.47,0.41,0.61,0.52,0.54,0.59,0.59,0.56,0.54,0.55,0.55,0.57,0.56,0.63,0.38,0.27,0.47,0.47,0.59,0.51,0.54,0.61,0.61,0.58,0.56,0.55,0.55,0.58,0.58,0.62,0.39,0.2,0.34,0.39,0.6,0.5,0.53,0.62,0.64,0.6,0.58,0.55,0.56,0.57,0.58,0.65,0.34,0.01,0.15,0.18,0.58,0.51,0.53,0.62,0.66,0.58,0.57,0.55,0.56,0.56,0.59,0.62,0.55,0.42,0.16,0.13,0.58,0.51,0.53,0.6,0.62,0.57,0.57,0.53,0.55,0.56,0.59,0.61,0.85,0.6,0.09,0.17,0.58,0.51,0.52,0.6,0.58,0.56,0.56,0.54,0.54,0.56,0.61,0.61,0.51,0.16,0.01,0.11,0.58,0.5,0.52,0.59,0.55,0.54,0.55,0.64,0.64,0.64,0.64,0.58,0.33,0.0,0.01,0.07,0.56,0.47,0.52,0.62,0.59,0.55,0.54,0.65,0.66,0.65,0.67,0.6,0.37,0.03,0.0,0.06,0.55,0.51,0.63,0.65,0.64,0.62,0.58,0.62,0.63,0.62,0.63,0.59,0.35,0.04,0.05,0.14,0.51,0.58,0.64,0.61,0.62,0.58,0.58
cat,"One cat lying on the floor; and another with its front paws up on a stool",0.63,0.64,0.66,0.67,0.67,0.68,0.67,0.67,0.66,0.67,0.67,0.65,0.64,0.62,0.6,0.58,0.65,0.66,0.68,0.68,0.69,0.69,0.62,0.56,0.48,0.42,0.47,0.55,0.56,0.6,0.62,0.61,0.65,0.67,0.68,0.69,0.69,0.69,0.64,0.51,0.45,0.65,0.62,0.64,0.54,0.49,0.64,0.62,0.67,0.68,0.68,0.69,0.69,0.67,0.63,0.56,0.4,0.74,0.82,0.91,0.73,0.5,0.64,0.61,0.58,0.6,0.69,0.68,0.67,0.68,0.67,0.45,0.26,0.47,0.55,0.64,0.55,0.42,0.58,0.61,0.49,0.54,0.51,0.57,0.73,0.52,0.57,0.61,0.52,0.51,0.48,0.51,0.49,0.44,0.56,0.6,0.55,0.58,0.45,0.44,0.61,0.51,0.5,0.53,0.56,0.55,0.53,0.49,0.5,0.4,0.45,0.59,0.54,0.48,0.59,0.58,0.62,0.44,0.19,0.26,0.34,0.45,0.36,0.32,0.38,0.29,0.38,0.6,0.49,0.44,0.56,0.64,0.65,0.44,0.07,0.35,0.49,0.43,0.35,0.36,0.42,0.3,0.44,0.6,0.36,0.39,0.53,0.55,0.57,0.37,0.11,0.08,0.31,0.4,0.38,0.37,0.38,0.22,0.42,0.56,0.42,0.41,0.45,0.45,0.46,0.42,0.25,0.08,0.11,0.25,0.31,0.3,0.26,0.31,0.36,0.35,0.5,0.5,0.47,0.44,0.47,0.47,0.44,0.36,0.33,0.24,0.38,0.46,0.39,0.3,0.31,0.3,0.54,0.53,0.35,0.43,0.52,0.53,0.53,0.54,0.54,0.52,0.5,0.51,0.52,0.38,0.3,0.31,0.6,0.44,0.22,0.42,0.46,0.58,0.6,0.58,0.58,0.58,0.57,0.55,0.54,0.44,0.45,0.35,0.58,0.35,0.4,0.33,0.43,0.63,0.65,0.65,0.64,0.62,0.61,0.61,0.55,0.51,0.55,0.4,0.59,0.47,0.57,0.59,0.56,0.64,0.69,0.68,0.68,0.67,0.66,0.67,0.55,0.38,0.44,0.48
cat,"A black and white cat laying in green vegetation.",0.35,0.35,0.36,0.37,0.38,0.37,0.37,0.36,0.36,0.36,0.36,0.36,0.36,0.53,0.42,0.32,0.43,0.45,0.46,0.46,0.47,0.47,0.48,0.48,0.48,0.49,0.48,0.41,0.36,0.49,0.4,0.33,0.45,0.48,0.5,0.5,0.51,0.53,0.51,0.49,0.51,0.46,0.49,0.4,0.32,0.4,0.38,0.35,0.35,0.25,0.27,0.3,0.27,0.38,0.44,0.3,0.37,0.35,0.24,0.34,0.29,0.35,0.41,0.32,0.31,0.35,0.23,0.24,0.24,0.45,0.46,0.5,0.38,0.34,0.23,0.22,0.25,0.38,0.44,0.39,0.18,0.23,0.25,0.22,0.22,0.29,0.35,0.22,0.14,0.15,0.24,0.2,0.27,0.38,0.44,0.38,0.25,0.27,0.26,0.2,0.13,0.08,0.2,0.12,0.18,0.12,0.08,0.24,0.33,0.38,0.37,0.31,0.22,0.21,0.22,0.11,0.07,0.17,0.25,0.23,0.76,0.65,0.39,0.25,0.25,0.35,0.36,0.36,0.29,0.24,0.1,0.08,0.05,0.13,0.6,0.75,0.56,0.31,0.61,0.35,0.25,0.35,0.41,0.38,0.34,0.23,0.11,0.07,0.07,0.1,0.65,0.82,0.55,0.49,0.65,0.39,0.38,0.35,0.44,0.44,0.31,0.25,0.32,0.25,0.08,0.11,0.49,0.81,0.77,0.77,0.62,0.29,0.31,0.35,0.42,0.39,0.33,0.32,0.29,0.29,0.27,0.24,0.31,0.71,0.67,0.62,0.38,0.25,0.3,0.38,0.41,0.41,0.32,0.29,0.29,0.33,0.35,0.3,0.26,0.45,0.44,0.34,0.29,0.35,0.37,0.36,0.36,0.34,0.2,0.29,0.3,0.28,0.29,0.38,0.43,0.4,0.39,0.49,0.39,0.43,0.4,0.38,0.39,0.36,0.33,0.26,0.31,0.35,0.35,0.35,0.32,0.42,0.41,0.41,0.38,0.39,0.33,0.42,0.44,0.31,0.39,0.31,0.33,0.35,0.31,0.25,0.26,0.35,0.41,0.31,0.33,0.4,0.38,0.29,0.3,0.26
cat,"A cat laying on a toilet seat with its paws inside .",0.77,0.84,0.87,0.86,0.87,0.81,0.83,0.84,0.79,0.82,0.81,0.83,0.84,0.76,0.38,0.35,0.77,0.84,0.86,0.85,0.86,0.8,0.82,0.81,0.76,0.79,0.8,0.84,0.75,0.27,0.52,0.77,0.75,0.84,0.85,0.85,0.85,0.81,0.83,0.77,0.73,0.77,0.76,0.85,0.53,0.42,0.92,0.87,0.78,0.84,0.84,0.84,0.84,0.83,0.84,0.8,0.78,0.78,0.73,0.8,0.43,0.72,0.85,0.82,0.78,0.83,0.83,0.83,0.83,0.83,0.82,0.79,0.76,0.79,0.77,0.7,0.45,0.8,0.82,0.82,0.76,0.82,0.82,0.84,0.85,0.85,0.81,0.84,0.82,0.84,0.8,0.69,0.52,0.84,0.8,0.81,0.82,0.87,0.85,0.84,0.82,0.43,0.24,0.3,0.29,0.35,0.41,0.29,0.3,0.69,0.8,0.8,0.77,0.73,0.67,0.67,0.45,0.05,0.03,0.0,0.0,0.0,0.06,0.15,0.0,0.37,0.82,0.76,0.62,0.62,0.62,0.65,0.32,0.05,0.06,0.04,0.04,0.03,0.07,0.17,0.21,0.56,0.85,0.52,0.62,0.62,0.63,0.56,0.11,0.02,0.04,0.04,0.01,0.0,0.0,0.03,0.31,0.86,0.81,0.39,0.6,0.6,0.62,0.53,0.08,0.01,0.0,0.0,0.12,0.19,0.2,0.3,0.5,0.7,0.64,0.48,0.6,0.6,0.6,0.58,0.13,0.16,0.23,0.33,0.62,0.7,0.72,0.75,0.74,0.68,0.54,0.44,0.57,0.56,0.55,0.57,0.15,0.22,0.61,0.59,0.64,0.64,0.65,0.64,0.62,0.55,0.47,0.44,0.53,0.54,0.55,0.61,0.25,0.15,0.62,0.61,0.6,0.61,0.59,0.56,0.47,0.46,0.44,0.43,0.58,0.58,0.61,0.69,0.39,0.09,0.65,0.7,0.6,0.6,0.6,0.56,0.44,0.44,0.46,0.43,0.59,0.57,0.56,0.71,0.45,0.1,0.68,0.73,0.63,0.61,0.6,0.57,0.47,0.43,0.39,0.44
cat,"A cat sitting on the back of a toilet bowl with no tank.",0.54,0.55,0.58,0.61,0.62,0.64,0.63,0.57,0.55,0.53,0.4,0.44,0.35,0.35,0.46,0.33,0.56,0.57,0.59,0.62,0.66,0.66,0.59,0.57,0.58,0.54,0.4,0.43,0.35,0.41,0.42,0.27,0.55,0.58,0.61,0.65,0.67,0.67,0.58,0.58,0.61,0.6,0.38,0.38,0.48,0.39,0.38,0.32,0.54,0.58,0.63,0.65,0.69,0.61,0.51,0.62,0.65,0.64,0.36,0.38,0.5,0.33,0.4,0.39,0.53,0.58,0.63,0.69,0.61,0.22,0.27,0.36,0.44,0.6,0.37,0.37,0.44,0.37,0.38,0.38,0.51,0.56,0.58,0.67,0.45,0.18,0.26,0.49,0.47,0.44,0.39,0.35,0.33,0.38,0.37,0.38,0.5,0.55,0.59,0.62,0.52,0.33,0.38,0.56,0.6,0.49,0.36,0.26,0.26,0.33,0.34,0.38,0.5,0.55,0.61,0.51,0.51,0.49,0.51,0.56,0.56,0.56,0.37,0.24,0.26,0.28,0.2,0.25,0.42,0.52,0.58,0.51,0.61,0.75,0.8,0.8,0.78,0.77,0.71,0.54,0.33,0.24,0.25,0.25,0.39,0.41,0.46,0.48,0.69,0.78,0.82,0.81,0.8,0.8,0.79,0.75,0.66,0.36,0.31,0.31,0.45,0.49,0.47,0.4,0.72,0.75,0.8,0.81,0.79,0.81,0.82,0.72,0.68,0.58,0.29,0.27,0.45,0.5,0.56,0.38,0.68,0.85,0.83,0.81,0.76,0.75,0.75,0.73,0.75,0.6,0.32,0.34,0.44,0.48,0.53,0.44,0.4,0.78,0.93,0.95,0.93,0.91,0.9,0.91,0.91,0.58,0.28,0.34,0.39,0.37,0.44,0.47,0.4,0.44,0.71,0.83,0.9,0.94,0.97,0.92,0.76,0.45,0.3,0.3,0.39,0.4,0.46,0.54,0.51,0.53,0.69,0.73,0.76,0.75,0.63,0.57,0.51,0.51,0.43,0.31,0.4,0.45,0.46,0.55,0.53,0.57,0.73,0.8,0.82,0.76,0.58,0.56,0.56,0.52,0.48,0.43
cat,"A black and white cat drinks water from a sink faucet.",0.73,0.75,0.76,0.77,0.78,0.78,0.78,0.78,0.77,0.75,0.74,0.73,0.72,0.71,0.68,0.65,0.73,0.75,0.76,0.77,0.79,0.8,0.8,0.79,0.77,0.75,0.74,0.72,0.71,0.7,0.67,0.67,0.73,0.75,0.76,0.77,0.79,0.82,0.85,0.83,0.78,0.75,0.73,0.72,0.7,0.7,0.7,0.6,0.7,0.7,0.74,0.75,0.76,0.78,0.81,0.81,0.79,0.75,0.71,0.69,0.7,0.62,0.27,0.11,0.64,0.64,0.75,0.73,0.75,0.76,0.79,0.69,0.44,0.61,0.71,0.69,0.64,0.18,0.0,0.03,0.48,0.52,0.67,0.67,0.68,0.7,0.72,0.51,0.15,0.38,0.72,0.65,0.23,0.02,0.04,0.02,0.43,0.46,0.68,0.67,0.68,0.69,0.69,0.46,0.12,0.51,0.58,0.17,0.03,0.04,0.02,0.02,0.4,0.45,0.67,0.69,0.69,0.76,0.72,0.48,0.26,0.25,0.15,0.03,0.05,0.03,0.02,0.02,0.46,0.48,0.56,0.58,0.6,0.57,0.5,0.48,0.25,0.0,0.03,0.05,0.05,0.04,0.03,0.02,0.56,0.58,0.61,0.61,0.62,0.47,0.45,0.58,0.23,0.03,0.05,0.03,0.05,0.05,0.01,0.02,0.73,0.74,0.75,0.76,0.77,0.78,0.79,0.78,0.24,0.01,0.05,0.04,0.04,0.1,0.24,0.36,0.76,0.75,0.76,0.77,0.78,0.77,0.77,0.78,0.43,0.07,0.02,0.04,0.05,0.56,0.76,0.71,0.77,0.75,0.76,0.77,0.78,0.78,0.78,0.76,0.78,0.61,0.42,0.09,0.36,0.8,0.75,0.74,0.71,0.73,0.74,0.75,0.76,0.77,0.79,0.79,0.79,0.81,0.79,0.56,0.71,0.75,0.74,0.74,0.7,0.7,0.69,0.69,0.69,0.7,0.73,0.73,0.75,0.72,0.71,0.73,0.72,0.71,0.71,0.7,0.89,0.86,0.82,0.78,0.74,0.72,0.64,0.48,0.53,0.64,0.65,0.65,0.66,0.67,0.67,0.65
cat,"A cat curled up in a white bathroom sink.",0.65,0.66,0.68,0.67,0.68,0.68,0.63,0.59,0.5,0.64,0.74,0.72,0.73,0.73,0.71,0.69,0.69,0.66,0.66,0.67,0.55,0.55,0.56,0.57,0.48,0.55,0.69,0.75,0.76,0.76,0.73,0.72,0.66,0.62,0.65,0.68,0.39,0.36,0.5,0.57,0.56,0.59,0.56,0.72,0.77,0.78,0.76,0.73,0.73,0.66,0.56,0.53,0.46,0.39,0.49,0.69,0.74,0.77,0.77,0.75,0.76,0.73,0.65,0.73,0.69,0.66,0.51,0.53,0.55,0.64,0.73,0.74,0.74,0.79,0.71,0.74,0.78,0.75,0.55,0.45,0.67,0.67,0.74,0.73,0.7,0.64,0.55,0.52,0.61,0.71,0.45,0.28,0.53,0.78,0.77,0.67,0.75,0.73,0.69,0.64,0.28,0.21,0.18,0.15,0.15,0.22,0.26,0.26,0.44,0.73,0.75,0.75,0.78,0.7,0.61,0.41,0.06,0.15,0.16,0.14,0.11,0.13,0.2,0.29,0.61,0.81,0.82,0.68,0.77,0.83,0.81,0.55,0.15,0.06,0.04,0.04,0.05,0.13,0.42,0.76,0.87,0.82,0.62,0.46,0.69,0.78,0.85,0.88,0.8,0.56,0.38,0.38,0.56,0.79,0.9,0.88,0.75,0.56,0.49,0.49,0.68,0.74,0.79,0.84,0.88,0.91,0.91,0.9,0.9,0.87,0.82,0.67,0.55,0.53,0.48,0.43,0.56,0.69,0.8,0.79,0.84,0.87,0.87,0.86,0.87,0.78,0.64,0.6,0.59,0.5,0.44,0.42,0.64,0.61,0.73,0.8,0.8,0.83,0.87,0.86,0.73,0.65,0.66,0.63,0.44,0.35,0.47,0.4,0.84,0.82,0.68,0.69,0.78,0.78,0.81,0.71,0.68,0.69,0.6,0.36,0.43,0.43,0.42,0.39,0.76,0.81,0.78,0.57,0.7,0.75,0.76,0.7,0.66,0.56,0.5,0.4,0.44,0.42,0.38,0.38,0.7,0.7,0.46,0.43,0.66,0.69,0.71,0.63,0.53,0.51,0.47,0.44,0.4,0.37,0.35,0.35
cat,"A cat standing next to a white toilet near a bath tub.",0.26,0.27,0.24,0.24,0.22,0.22,0.2,0.21,0.22,0.26,0.26,0.29,0.54,0.55,0.55,0.55,0.24,0.27,0.24,0.27,0.23,0.22,0.22,0.22,0.23,0.23,0.22,0.28,0.47,0.51,0.51,0.52,0.29,0.29,0.29,0.29,0.29,0.23,0.22,0.24,0.25,0.24,0.2,0.36,0.52,0.49,0.5,0.5,0.29,0.31,0.31,0.25,0.2,0.24,0.24,0.27,0.25,0.27,0.32,0.52,0.58,0.53,0.51,0.51,0.29,0.25,0.33,0.51,0.69,0.81,0.59,0.28,0.46,0.57,0.62,0.7,0.73,0.75,0.7,0.64,0.41,0.76,0.94,0.94,0.8,0.65,0.51,0.57,0.8,0.75,0.64,0.71,0.77,0.76,0.77,0.78,0.51,0.89,0.69,0.54,0.52,0.54,0.53,0.31,0.29,0.63,0.75,0.78,0.78,0.75,0.74,0.74,0.51,0.47,0.52,0.58,0.62,0.62,0.46,0.19,0.17,0.4,0.46,0.53,0.66,0.76,0.78,0.76,0.45,0.35,0.57,0.59,0.63,0.62,0.38,0.26,0.16,0.36,0.46,0.42,0.42,0.45,0.55,0.65,0.28,0.15,0.42,0.59,0.63,0.69,0.81,0.85,0.69,0.47,0.39,0.42,0.43,0.42,0.39,0.39,0.53,0.16,0.02,0.4,0.89,0.92,0.9,0.87,0.88,0.86,0.53,0.35,0.4,0.4,0.41,0.41,0.25,0.09,0.05,0.04,0.44,0.85,0.92,0.87,0.85,0.85,0.8,0.27,0.35,0.38,0.38,0.38,0.04,0.09,0.08,0.08,0.13,0.29,0.71,0.88,0.88,0.88,0.76,0.2,0.21,0.27,0.34,0.35,0.06,0.08,0.07,0.14,0.22,0.18,0.2,0.45,0.55,0.54,0.27,0.09,0.16,0.15,0.28,0.36,0.05,0.06,0.05,0.13,0.18,0.24,0.22,0.23,0.27,0.18,0.06,0.14,0.22,0.19,0.28,0.38,0.06,0.07,0.04,0.12,0.21,0.19,0.24,0.27,0.29,0.18,0.23,0.22,0.25,0.3,0.32,0.34
cat,"A cat is walking in a kitchen that has cookware hanging on the wall.",0.02,0.12,0.24,0.09,0.05,0.71,0.8,0.56,0.52,0.6,0.6,0.07,0.03,0.14,0.01,0.0,0.05,0.13,0.25,0.15,0.02,0.67,0.83,0.61,0.56,0.67,0.58,0.05,0.02,0.16,0.02,0.0,0.05,0.23,0.41,0.26,0.13,0.46,0.65,0.6,0.59,0.64,0.35,0.09,0.07,0.2,0.02,0.0,0.04,0.4,0.47,0.27,0.07,0.62,1.0,0.93,0.85,0.95,0.65,0.05,0.02,0.24,0.04,0.01,0.05,0.29,0.3,0.19,0.13,0.53,0.89,0.6,0.76,0.68,0.62,0.11,0.11,0.23,0.05,0.05,0.07,0.17,0.18,0.13,0.14,0.27,0.37,0.22,0.31,0.29,0.29,0.14,0.12,0.15,0.04,0.06,0.05,0.13,0.15,0.15,0.18,0.2,0.13,0.12,0.11,0.06,0.07,0.13,0.07,0.1,0.1,0.05,0.05,0.11,0.13,0.17,0.27,0.07,0.07,0.07,0.04,0.04,0.11,0.15,0.21,0.12,0.17,0.03,0.04,0.11,0.13,0.15,0.34,0.14,0.01,0.01,0.0,0.04,0.13,0.14,0.09,0.06,0.02,0.01,0.04,0.11,0.13,0.05,0.12,0.13,0.09,0.05,0.11,0.11,0.13,0.12,0.07,0.06,0.04,0.01,0.04,0.11,0.12,0.03,0.07,0.09,0.13,0.14,0.14,0.13,0.12,0.11,0.06,0.05,0.04,0.03,0.03,0.12,0.12,0.02,0.05,0.07,0.07,0.13,0.13,0.11,0.1,0.09,0.05,0.05,0.03,0.05,0.03,0.11,0.12,0.05,0.09,0.05,0.07,0.11,0.13,0.06,0.05,0.05,0.04,0.05,0.01,0.05,0.03,0.11,0.13,0.21,0.24,0.27,0.25,0.14,0.1,0.21,0.18,0.16,0.08,0.05,0.0,0.02,0.04,0.15,0.2,0.31,0.38,0.39,0.44,0.29,0.13,0.32,0.31,0.27,0.17,0.05,0.0,0.01,0.04,0.15,0.23,0.32,0.41,0.36,0.49,0.4,0.34,0.35,0.32,0.28,0.23,0.07,0.0,0.01
cat,"A cat with its mouth opened sitting between some bikes.",0.23,0.33,0.36,0.29,0.28,0.17,0.16,0.21,0.31,0.22,0.22,0.18,0.31,0.18,0.27,0.65,0.18,0.35,0.45,0.38,0.29,0.17,0.18,0.19,0.21,0.25,0.3,0.28,0.2,0.31,0.16,0.36,0.23,0.29,0.41,0.32,0.19,0.13,0.19,0.29,0.35,0.32,0.33,0.63,0.22,0.4,0.15,0.43,0.28,0.22,0.36,0.27,0.15,0.16,0.31,0.3,0.44,0.51,0.23,0.54,0.39,0.36,0.21,0.35,0.22,0.17,0.21,0.15,0.15,0.22,0.35,0.24,0.29,0.43,0.39,0.39,0.22,0.3,0.25,0.16,0.24,0.13,0.07,0.07,0.15,0.19,0.2,0.19,0.21,0.29,0.45,0.29,0.35,0.28,0.26,0.15,0.28,0.13,0.09,0.17,0.27,0.41,0.31,0.5,0.27,0.32,0.67,0.47,0.56,0.34,0.33,0.09,0.44,0.34,0.33,0.32,0.42,0.71,0.47,0.42,0.37,0.56,0.87,0.82,0.66,0.37,0.34,0.07,0.39,0.33,0.33,0.25,0.31,0.38,0.31,0.28,0.74,0.95,0.81,0.81,0.63,0.4,0.31,0.06,0.33,0.35,0.37,0.38,0.33,0.27,0.31,0.42,0.6,0.9,0.89,0.78,0.45,0.4,0.3,0.07,0.53,0.44,0.39,0.44,0.41,0.46,0.53,0.56,0.38,0.51,0.85,0.86,0.39,0.4,0.43,0.22,0.37,0.49,0.56,0.59,0.55,0.51,0.35,0.34,0.63,0.89,0.73,0.6,0.36,0.43,0.54,0.59,0.24,0.19,0.24,0.29,0.29,0.26,0.29,0.55,0.91,0.83,0.74,0.37,0.43,0.41,0.55,0.55,0.49,0.5,0.37,0.24,0.27,0.33,0.28,0.58,0.94,0.61,0.37,0.43,0.48,0.56,0.53,0.55,0.53,0.56,0.41,0.42,0.51,0.53,0.55,0.6,0.68,0.53,0.4,0.53,0.51,0.66,0.62,0.61,0.57,0.56,0.64,0.63,0.65,0.65,0.61,0.64,0.45,0.4,0.57,0.47,0.67,0.65,0.64,0.62
cat,"A black cat that is sitting in a sink.",0.32,0.49,0.56,0.53,0.52,0.45,0.47,0.51,0.72,0.7,0.4,0.38,0.45,0.71,0.63,0.38,0.38,0.34,0.49,0.51,0.5,0.43,0.54,0.64,0.89,0.64,0.31,0.42,0.58,0.83,0.72,0.6,0.51,0.38,0.38,0.5,0.44,0.57,0.91,0.75,0.55,0.56,0.3,0.36,0.37,0.52,0.45,0.51,0.53,0.45,0.36,0.42,0.56,0.96,0.79,0.51,0.4,0.25,0.37,0.48,0.44,0.49,0.28,0.29,0.45,0.5,0.38,0.52,0.93,0.62,0.2,0.13,0.11,0.08,0.03,0.2,0.6,0.77,0.36,0.29,0.49,0.44,0.54,0.88,0.6,0.02,0.06,0.07,0.09,0.05,0.02,0.01,0.05,0.38,0.62,0.68,0.42,0.51,0.84,0.71,0.31,0.02,0.09,0.02,0.02,0.03,0.04,0.04,0.03,0.06,0.4,0.7,0.36,0.65,0.88,0.76,0.39,0.02,0.07,0.0,0.05,0.09,0.04,0.06,0.05,0.12,0.71,0.69,0.35,0.38,0.78,0.92,0.49,0.0,0.05,0.02,0.07,0.09,0.08,0.07,0.0,0.34,0.92,0.87,0.35,0.31,0.47,0.88,0.8,0.07,0.02,0.02,0.03,0.04,0.03,0.01,0.04,0.59,0.9,0.73,0.35,0.37,0.34,0.54,0.95,0.68,0.24,0.23,0.18,0.01,0.0,0.03,0.41,0.88,0.74,0.24,0.35,0.35,0.31,0.21,0.57,0.95,0.82,0.83,0.56,0.03,0.26,0.56,0.84,0.79,0.27,0.13,0.33,0.33,0.35,0.31,0.18,0.69,0.89,0.86,0.43,0.18,0.86,0.93,0.77,0.27,0.22,0.18,0.31,0.35,0.27,0.31,0.2,0.2,0.76,0.9,0.73,0.75,0.91,0.75,0.27,0.2,0.24,0.13,0.11,0.22,0.28,0.36,0.36,0.16,0.18,0.76,0.87,0.88,0.73,0.26,0.09,0.2,0.28,0.07,0.15,0.33,0.45,0.5,0.44,0.39,0.18,0.3,0.8,0.72,0.27,0.11,0.15,0.22,0.24,0.13
cat,"A cat laying in a bowl asleep on the ground.",0.46,0.46,0.47,0.49,0.43,0.33,0.25,0.21,0.21,0.24,0.29,0.37,0.42,0.4,0.38,0.36,0.47,0.5,0.48,0.27,0.15,0.15,0.16,0.14,0.14,0.15,0.15,0.17,0.25,0.4,0.41,0.38,0.51,0.49,0.16,0.13,0.2,0.2,0.21,0.16,0.16,0.19,0.21,0.18,0.15,0.17,0.35,0.41,0.51,0.19,0.17,0.28,0.25,0.2,0.15,0.13,0.14,0.19,0.2,0.22,0.28,0.19,0.16,0.33,0.3,0.12,0.32,0.24,0.21,0.24,0.12,0.07,0.11,0.16,0.2,0.23,0.23,0.2,0.17,0.19,0.13,0.23,0.24,0.22,0.21,0.24,0.18,0.16,0.16,0.13,0.17,0.18,0.16,0.14,0.16,0.18,0.08,0.32,0.45,0.27,0.25,0.28,0.16,0.32,0.29,0.23,0.22,0.17,0.16,0.15,0.14,0.17,0.09,0.15,0.15,0.23,0.18,0.29,0.22,0.37,0.33,0.31,0.28,0.2,0.2,0.18,0.16,0.16,0.11,0.23,0.15,0.12,0.19,0.24,0.3,0.25,0.23,0.31,0.28,0.25,0.22,0.21,0.18,0.15,0.19,0.25,0.32,0.1,0.13,0.22,0.25,0.19,0.18,0.26,0.26,0.22,0.2,0.22,0.18,0.16,0.46,0.07,0.22,0.29,0.24,0.32,0.27,0.17,0.2,0.18,0.16,0.2,0.23,0.22,0.16,0.15,0.77,0.24,0.18,0.35,0.34,0.41,0.34,0.18,0.19,0.18,0.25,0.29,0.25,0.18,0.12,0.15,0.82,0.77,0.17,0.19,0.44,0.41,0.21,0.2,0.18,0.2,0.27,0.2,0.13,0.13,0.16,0.21,0.79,0.91,0.67,0.35,0.49,0.29,0.05,0.1,0.1,0.09,0.09,0.11,0.15,0.17,0.15,0.32,0.69,0.76,0.75,0.52,0.24,0.23,0.23,0.19,0.18,0.18,0.18,0.18,0.15,0.11,0.3,0.41,0.64,0.68,0.67,0.76,0.53,0.13,0.15,0.16,0.16,0.15,0.15,0.14,0.17,0.27,0.44,0.43
cat,"The cat is sitting inside of a bowl on a table.",0.44,0.31,0.03,0.19,0.2,0.32,0.33,0.38,0.45,0.24,0.49,0.64,0.39,0.28,0.5,0.73,0.38,0.29,0.04,0.17,0.41,0.4,0.13,0.51,0.6,0.11,0.24,0.6,0.34,0.35,0.75,0.93,0.27,0.18,0.07,0.17,0.5,0.47,0.16,0.33,0.44,0.38,0.65,0.74,0.44,0.41,0.73,0.67,0.47,0.31,0.03,0.17,0.24,0.48,0.28,0.14,0.4,0.41,0.46,0.62,0.45,0.46,0.65,0.63,0.54,0.43,0.02,0.15,0.15,0.31,0.3,0.22,0.39,0.44,0.35,0.58,0.64,0.45,0.42,0.55,0.51,0.39,0.0,0.17,0.29,0.3,0.2,0.24,0.29,0.55,0.5,0.28,0.34,0.36,0.41,0.37,0.25,0.37,0.38,0.37,0.63,0.62,0.51,0.52,0.67,0.66,0.59,0.4,0.24,0.18,0.26,0.25,0.66,0.75,0.73,0.56,0.68,0.89,0.83,0.77,0.75,0.41,0.39,0.6,0.31,0.36,0.32,0.33,0.75,0.75,0.65,0.62,0.49,0.67,0.63,0.3,0.3,0.16,0.4,0.44,0.19,0.2,0.22,0.22,0.72,0.63,0.51,0.33,0.34,0.57,0.38,0.22,0.15,0.22,0.42,0.2,0.0,0.04,0.06,0.1,0.65,0.47,0.28,0.33,0.56,0.59,0.41,0.14,0.23,0.51,0.45,0.4,0.28,0.15,0.11,0.03,0.37,0.43,0.52,0.58,0.51,0.32,0.36,0.08,0.36,0.55,0.55,0.37,0.61,0.39,0.2,0.18,0.2,0.27,0.67,0.58,0.17,0.03,0.11,0.09,0.35,0.35,0.21,0.36,0.75,0.85,0.85,0.77,0.35,0.29,0.5,0.35,0.14,0.13,0.13,0.24,0.35,0.35,0.46,0.71,0.77,0.85,1.0,1.0,0.32,0.47,0.41,0.13,0.07,0.09,0.15,0.25,0.36,0.41,0.36,0.19,0.36,0.92,0.97,0.99,0.37,0.38,0.31,0.19,0.19,0.18,0.1,0.03,0.02,0.02,0.03,0.16,0.56,0.95,0.98,1.0
cat,"A wooden door in front of an entrance next to a black cat.",0.77,0.78,0.79,0.8,0.8,0.85,0.74,0.44,0.44,0.46,0.46,0.42,0.41,0.38,0.36,0.73,0.77,0.78,0.8,0.82,0.83,0.88,0.76,0.48,0.48,0.49,0.47,0.44,0.42,0.4,0.38,0.75,0.77,0.8,0.8,0.81,0.86,0.9,0.77,0.52,0.52,0.51,0.47,0.45,0.44,0.36,0.38,0.77,0.8,0.83,0.84,0.85,0.88,0.93,0.78,0.54,0.54,0.53,0.48,0.46,0.46,0.36,0.4,0.8,0.82,0.85,0.87,0.89,0.89,0.93,0.78,0.56,0.56,0.55,0.47,0.46,0.45,0.38,0.44,0.82,0.84,0.87,0.89,0.91,0.91,0.94,0.77,0.56,0.56,0.54,0.46,0.45,0.45,0.4,0.47,0.84,0.86,0.89,0.91,0.92,0.92,0.94,0.75,0.53,0.56,0.54,0.48,0.47,0.45,0.4,0.49,0.85,0.87,0.91,0.92,0.93,0.91,0.93,0.78,0.56,0.55,0.55,0.51,0.47,0.47,0.38,0.52,0.86,0.88,0.92,0.92,0.93,0.91,0.93,0.72,0.5,0.51,0.51,0.48,0.46,0.46,0.36,0.55,0.86,0.88,0.93,0.92,0.93,0.91,0.87,0.65,0.47,0.49,0.5,0.46,0.43,0.44,0.35,0.58,0.83,0.88,0.93,0.92,0.93,0.9,0.83,0.62,0.46,0.49,0.49,0.45,0.41,0.44,0.33,0.61,0.81,0.87,0.94,0.92,0.92,0.89,0.8,0.61,0.43,0.46,0.45,0.42,0.39,0.41,0.32,0.64,0.8,0.86,0.94,0.92,0.92,0.86,0.78,0.58,0.36,0.41,0.41,0.39,0.39,0.38,0.31,0.67,0.79,0.85,0.93,0.91,0.91,0.82,0.74,0.55,0.31,0.35,0.36,0.36,0.36,0.35,0.31,0.7,0.78,0.83,0.93,0.91,0.88,0.73,0.71,0.51,0.28,0.31,0.33,0.33,0.33,0.3,0.31,0.71,0.76,0.8,0.91,0.88,0.81,0.65,0.68,0.46,0.24,0.29,0.3,0.31,0.31,0.26,0.32,0.69,0.67
cat,"A cat climbing into a cat door on a wall.",0.3,0.68,0.72,0.72,0.75,0.77,0.78,0.78,0.8,0.8,0.8,0.78,0.72,0.58,0.38,0.4,0.35,0.79,0.86,0.86,0.88,0.91,0.91,0.92,0.93,0.92,0.89,0.85,0.77,0.62,0.38,0.69,0.34,0.81,0.93,0.92,0.93,0.95,0.97,0.98,0.96,0.95,0.92,0.87,0.77,0.61,0.38,0.42,0.33,0.78,0.95,0.93,0.95,0.97,0.89,0.81,0.92,0.96,0.93,0.86,0.76,0.6,0.39,0.49,0.33,0.73,0.96,0.94,0.96,0.98,0.9,0.5,0.84,0.98,0.92,0.85,0.75,0.59,0.4,0.53,0.35,0.69,0.97,0.94,0.96,0.98,0.8,0.59,0.71,0.98,0.91,0.84,0.73,0.58,0.39,0.53,0.39,0.62,0.97,0.94,0.96,0.96,0.93,0.91,0.93,0.94,0.9,0.82,0.71,0.57,0.39,0.52,0.44,0.56,0.96,0.93,0.95,0.96,0.98,0.97,0.96,0.95,0.89,0.8,0.69,0.56,0.38,0.54,0.48,0.5,0.94,0.92,0.94,0.93,0.85,0.77,0.87,0.84,0.82,0.79,0.66,0.55,0.36,0.53,0.54,0.43,0.91,0.91,0.92,0.94,0.43,0.03,0.55,0.49,0.79,0.77,0.65,0.52,0.32,0.51,0.6,0.38,0.86,0.9,0.9,0.91,0.46,0.0,0.06,0.68,0.84,0.75,0.64,0.49,0.33,0.51,0.63,0.35,0.79,0.89,0.88,0.91,0.8,0.0,0.27,0.83,0.65,0.58,0.6,0.46,0.33,0.53,0.66,0.35,0.73,0.88,0.86,0.89,0.82,0.31,0.6,0.87,0.77,0.68,0.58,0.43,0.29,0.57,0.69,0.35,0.66,0.9,0.86,0.87,0.85,0.46,0.69,0.81,0.72,0.63,0.48,0.31,0.24,0.61,0.51,0.28,0.44,0.6,0.59,0.6,0.55,0.49,0.53,0.49,0.43,0.33,0.21,0.16,0.16,0.61,0.38,0.32,0.38,0.39,0.44,0.44,0.45,0.45,0.44,0.44,0.35,0.36,0.27,0.24,0.13,0.54
cat,"a group of people that are petting a cat",0.78,0.77,0.34,0.35,0.31,0.45,0.87,0.77,0.58,0.88,0.67,0.38,0.56,0.51,0.47,0.5,0.85,0.65,0.13,0.29,0.35,0.44,0.57,0.58,0.48,0.58,0.35,0.36,0.46,0.47,0.45,0.48,0.72,0.38,0.09,0.3,0.42,0.42,0.58,0.53,0.29,0.44,0.34,0.4,0.44,0.42,0.44,0.45,0.74,0.53,0.28,0.39,0.25,0.1,0.5,0.55,0.33,0.45,0.16,0.25,0.4,0.39,0.41,0.45,0.63,0.56,0.41,0.46,0.34,0.29,0.56,0.38,0.2,0.38,0.19,0.17,0.35,0.38,0.38,0.41,0.42,0.3,0.25,0.52,0.43,0.51,0.49,0.26,0.18,0.14,0.33,0.47,0.22,0.29,0.36,0.38,0.46,0.32,0.2,0.23,0.25,0.33,0.38,0.35,0.33,0.31,0.46,0.46,0.5,0.38,0.37,0.36,0.45,0.37,0.24,0.11,0.22,0.21,0.22,0.34,0.25,0.22,0.38,0.53,0.66,0.58,0.5,0.39,0.28,0.09,0.15,0.09,0.15,0.3,0.29,0.32,0.3,0.15,0.21,0.38,0.5,0.53,0.51,0.52,0.34,0.14,0.3,0.48,0.29,0.4,0.45,0.38,0.43,0.42,0.32,0.28,0.42,0.44,0.44,0.46,0.44,0.38,0.41,0.41,0.4,0.29,0.29,0.33,0.31,0.41,0.62,0.54,0.49,0.53,0.53,0.57,0.44,0.45,0.45,0.44,0.5,0.47,0.42,0.42,0.44,0.56,0.54,0.55,0.6,0.64,0.66,0.65,0.5,0.52,0.53,0.54,0.56,0.6,0.59,0.61,0.56,0.61,0.58,0.57,0.62,0.67,0.71,0.57,0.47,0.49,0.55,0.57,0.62,0.64,0.63,0.63,0.65,0.65,0.67,0.66,0.62,0.69,0.71,0.61,0.48,0.5,0.54,0.57,0.61,0.64,0.64,0.63,0.65,0.69,0.72,0.73,0.69,0.66,0.75,0.68,0.49,0.49,0.53,0.56,0.59,0.59,0.6,0.65,0.65,0.69,0.7,0.73,0.75,0.66,0.7,0.73
cat,"there are two cats that are laying with each other",0.57,0.61,0.64,0.67,0.69,0.7,0.72,0.73,0.74,0.75,0.75,0.75,0.74,0.73,0.71,0.7,0.57,0.61,0.64,0.67,0.69,0.71,0.72,0.73,0.74,0.75,0.76,0.76,0.75,0.74,0.73,0.71,0.57,0.61,0.64,0.67,0.68,0.69,0.71,0.72,0.73,0.74,0.75,0.75,0.75,0.75,0.72,0.7,0.56,0.6,0.63,0.65,0.66,0.68,0.7,0.71,0.72,0.73,0.73,0.74,0.74,0.73,0.73,0.69,0.54,0.57,0.6,0.62,0.64,0.66,0.67,0.69,0.7,0.71,0.72,0.72,0.73,0.72,0.52,0.27,0.49,0.53,0.56,0.59,0.62,0.64,0.65,0.67,0.67,0.69,0.7,0.71,0.75,0.45,0.12,0.06,0.44,0.47,0.51,0.56,0.59,0.62,0.64,0.65,0.65,0.66,0.67,0.63,0.71,0.57,0.55,0.55,0.2,0.33,0.45,0.56,0.61,0.63,0.65,0.66,0.67,0.67,0.65,0.51,0.64,0.67,0.44,0.6,0.24,0.27,0.45,0.51,0.61,0.65,0.67,0.68,0.69,0.69,0.58,0.3,0.04,0.09,0.3,0.33,0.19,0.47,0.45,0.48,0.55,0.62,0.67,0.67,0.67,0.68,0.39,0.07,0.02,0.01,0.01,0.06,0.09,0.41,0.46,0.61,0.57,0.5,0.61,0.72,0.73,0.7,0.4,0.04,0.02,0.03,0.03,0.03,0.17,0.36,0.6,0.64,0.56,0.44,0.56,0.4,0.36,0.27,0.13,0.02,0.02,0.03,0.02,0.02,0.05,0.16,0.62,0.6,0.59,0.51,0.55,0.1,0.0,0.0,0.0,0.02,0.03,0.04,0.02,0.02,0.11,0.11,0.42,0.6,0.61,0.57,0.44,0.51,0.36,0.19,0.09,0.06,0.04,0.03,0.02,0.02,0.13,0.21,0.35,0.51,0.61,0.62,0.6,0.58,0.61,0.57,0.5,0.27,0.05,0.02,0.03,0.02,0.09,0.2,0.43,0.48,0.45,0.4,0.38,0.38,0.39,0.43,0.46,0.38,0.26,0.16,0.07,0.03
cat,"A cat pears into the bowl of a toilet.",0.39,0.39,0.44,0.33,0.46,0.58,0.56,0.3,0.27,0.32,0.28,0.29,0.28,0.27,0.29,0.29,0.37,0.41,0.45,0.43,0.45,0.58,0.58,0.32,0.27,0.31,0.28,0.3,0.29,0.28,0.29,0.28,0.42,0.4,0.41,0.36,0.42,0.57,0.57,0.45,0.32,0.35,0.35,0.3,0.3,0.29,0.29,0.29,0.55,0.47,0.39,0.35,0.38,0.56,0.58,0.45,0.3,0.35,0.37,0.38,0.36,0.41,0.39,0.37,0.44,0.36,0.38,0.36,0.32,0.53,0.49,0.51,0.19,0.29,0.47,0.41,0.34,0.38,0.45,0.42,0.42,0.33,0.28,0.3,0.27,0.39,0.62,0.54,0.16,0.36,0.48,0.57,0.48,0.34,0.36,0.4,0.49,0.39,0.17,0.21,0.25,0.31,0.47,0.17,0.11,0.33,0.4,0.51,0.67,0.38,0.36,0.36,0.51,0.42,0.18,0.19,0.25,0.25,0.19,0.15,0.15,0.34,0.5,0.49,0.43,0.34,0.37,0.37,0.49,0.56,0.4,0.36,0.22,0.21,0.14,0.15,0.21,0.29,0.33,0.35,0.36,0.37,0.38,0.37,0.51,0.46,0.2,0.1,0.12,0.16,0.09,0.14,0.23,0.31,0.36,0.38,0.38,0.4,0.41,0.41,0.51,0.42,0.02,0.11,0.2,0.15,0.08,0.14,0.25,0.32,0.3,0.3,0.37,0.38,0.42,0.43,0.48,0.47,0.34,0.36,0.29,0.17,0.09,0.13,0.21,0.23,0.24,0.31,0.34,0.37,0.41,0.38,0.47,0.48,0.4,0.34,0.27,0.15,0.11,0.13,0.26,0.28,0.3,0.32,0.33,0.39,0.4,0.39,0.46,0.47,0.39,0.31,0.23,0.16,0.09,0.24,0.31,0.31,0.31,0.33,0.35,0.41,0.4,0.39,0.45,0.45,0.4,0.29,0.28,0.17,0.16,0.33,0.33,0.33,0.33,0.34,0.38,0.4,0.39,0.38,0.43,0.44,0.44,0.31,0.32,0.23,0.24,0.33,0.32,0.33,0.36,0.36,0.37,0.37,0.36,0.37
cat,"A yellow cat sits in a small sink.",0.56,0.6,0.56,0.59,0.6,0.51,0.29,0.24,0.2,0.25,0.32,0.41,0.78,0.81,0.84,0.8,0.56,0.59,0.56,0.59,0.53,0.5,0.34,0.24,0.21,0.27,0.33,0.44,0.76,0.81,0.8,0.79,0.61,0.6,0.54,0.52,0.46,0.45,0.41,0.23,0.23,0.29,0.35,0.47,0.72,0.69,0.74,0.76,0.62,0.57,0.44,0.44,0.43,0.36,0.44,0.37,0.22,0.29,0.4,0.55,0.63,0.64,0.82,0.84,0.59,0.52,0.31,0.27,0.35,0.27,0.3,0.53,0.45,0.39,0.53,0.59,0.54,0.76,0.78,0.77,0.42,0.5,0.27,0.13,0.22,0.32,0.34,0.4,0.49,0.42,0.47,0.51,0.62,0.71,0.75,0.71,0.59,0.56,0.3,0.1,0.27,0.34,0.39,0.51,0.53,0.44,0.47,0.47,0.57,0.75,0.71,0.63,0.65,0.45,0.2,0.27,0.4,0.41,0.54,0.69,0.7,0.65,0.59,0.55,0.44,0.88,0.97,0.93,0.56,0.5,0.42,0.48,0.4,0.53,0.65,0.73,0.64,0.48,0.49,0.54,0.44,0.65,0.92,0.92,0.54,0.48,0.43,0.41,0.45,0.32,0.36,0.6,0.29,0.09,0.31,0.42,0.4,0.58,0.87,0.83,0.49,0.47,0.28,0.35,0.32,0.32,0.44,0.46,0.42,0.2,0.25,0.46,0.46,0.45,0.82,0.88,0.49,0.52,0.32,0.34,0.35,0.46,0.45,0.38,0.35,0.32,0.34,0.31,0.46,0.53,0.83,0.92,0.51,0.55,0.35,0.31,0.33,0.33,0.34,0.36,0.33,0.26,0.35,0.35,0.31,0.44,0.68,0.93,0.5,0.47,0.4,0.2,0.16,0.31,0.24,0.24,0.28,0.29,0.32,0.38,0.28,0.35,0.47,0.63,0.45,0.38,0.39,0.34,0.22,0.27,0.33,0.29,0.28,0.35,0.34,0.33,0.32,0.28,0.45,0.45,0.42,0.34,0.28,0.29,0.25,0.18,0.22,0.35,0.36,0.31,0.31,0.32,0.33,0.36,0.47,0.51
giraffe,"A giraffe looks down at a zebra on the field",0.24,0.24,0.22,0.24,0.2,0.22,0.23,0.21,0.2,0.19,0.22,0.23,0.23,0.25,0.24,0.23,0.26,0.26,0.28,0.3,0.28,0.26,0.26,0.28,0.26,0.29,0.3,0.29,0.28,0.27,0.29,0.31,0.5,0.5,0.51,0.51,0.52,0.5,0.5,0.53,0.47,0.3,0.49,0.55,0.52,0.54,0.56,0.55,0.69,0.71,0.71,0.72,0.7,0.71,0.7,0.73,0.57,0.48,0.42,0.66,0.72,0.7,0.7,0.71,0.5,0.41,0.35,0.41,0.52,0.51,0.51,0.51,0.5,0.54,0.37,0.31,0.48,0.49,0.47,0.46,0.29,0.31,0.29,0.32,0.38,0.36,0.38,0.37,0.35,0.31,0.34,0.33,0.26,0.31,0.35,0.3,0.18,0.22,0.2,0.31,0.31,0.3,0.32,0.3,0.33,0.3,0.31,0.33,0.25,0.2,0.33,0.36,0.29,0.21,0.17,0.22,0.25,0.27,0.27,0.27,0.26,0.25,0.26,0.29,0.32,0.23,0.21,0.29,0.3,0.25,0.19,0.2,0.22,0.21,0.23,0.22,0.2,0.24,0.2,0.23,0.33,0.37,0.25,0.16,0.27,0.3,0.27,0.28,0.27,0.26,0.28,0.21,0.13,0.19,0.22,0.25,0.3,0.34,0.25,0.24,0.33,0.33,0.29,0.36,0.28,0.26,0.27,0.23,0.2,0.21,0.24,0.28,0.29,0.25,0.26,0.19,0.28,0.34,0.31,0.34,0.33,0.33,0.32,0.31,0.3,0.31,0.31,0.3,0.31,0.31,0.25,0.1,0.24,0.27,0.27,0.28,0.28,0.27,0.29,0.28,0.26,0.25,0.26,0.23,0.26,0.23,0.22,0.23,0.21,0.2,0.24,0.25,0.25,0.28,0.28,0.25,0.25,0.2,0.19,0.2,0.19,0.2,0.22,0.27,0.22,0.26,0.29,0.24,0.22,0.22,0.24,0.28,0.27,0.25,0.22,0.25,0.26,0.27,0.28,0.25,0.25,0.27,0.28,0.25,0.21,0.2,0.24,0.27,0.24,0.21,0.25,0.24,0.23,0.25,0.27,0.25
giraffe,"A person with a giraffe costume greets people coming through the gate.",0.11,0.1,0.13,0.16,0.19,0.25,0.21,0.17,0.32,0.5,0.34,0.18,0.17,0.16,0.14,0.08,0.11,0.11,0.11,0.13,0.13,0.15,0.14,0.08,0.35,0.29,0.45,0.21,0.17,0.17,0.12,0.09,0.14,0.13,0.13,0.14,0.12,0.13,0.07,0.22,0.36,0.22,0.23,0.25,0.21,0.25,0.27,0.14,0.2,0.14,0.09,0.08,0.12,0.1,0.15,0.37,0.32,0.36,0.21,0.23,0.23,0.3,0.4,0.27,0.58,0.39,0.45,0.29,0.16,0.14,0.31,0.37,0.2,0.37,0.18,0.19,0.17,0.22,0.47,0.26,0.82,0.89,0.74,0.65,0.58,0.41,0.37,0.29,0.31,0.39,0.21,0.13,0.27,0.29,0.35,0.33,0.67,0.58,0.45,0.64,0.56,0.4,0.35,0.41,0.65,0.32,0.48,0.48,0.43,0.28,0.28,0.23,0.53,0.69,0.49,0.57,0.53,0.44,0.36,0.41,0.41,0.22,0.44,0.62,0.57,0.52,0.46,0.5,0.42,0.12,0.31,0.39,0.67,0.58,0.38,0.29,0.26,0.26,0.23,0.34,0.58,0.44,0.42,0.56,0.55,0.08,0.19,0.5,0.77,0.48,0.36,0.39,0.4,0.39,0.36,0.44,0.56,0.36,0.37,0.29,0.71,0.19,0.36,0.71,0.61,0.36,0.45,0.5,0.49,0.49,0.49,0.54,0.35,0.35,0.45,0.23,0.61,0.55,0.48,0.6,0.53,0.2,0.46,0.69,0.64,0.65,0.65,0.64,0.25,0.29,0.37,0.12,0.55,0.5,0.42,0.42,0.43,0.24,0.59,0.71,0.67,0.64,0.62,0.52,0.44,0.46,0.32,0.06,0.53,0.44,0.43,0.29,0.31,0.4,0.59,0.7,0.67,0.64,0.6,0.54,0.47,0.47,0.37,0.11,0.53,0.46,0.43,0.5,0.35,0.2,0.28,0.6,0.67,0.68,0.69,0.45,0.37,0.41,0.33,0.13,0.45,0.41,0.25,0.48,0.4,0.12,0.07,0.32,0.48,0.63,0.72,0.69,0.62,0.47,0.35,0.29
giraffe,"A small giraffe stands in the grass near a road.",0.85,0.85,0.83,0.82,0.75,0.71,0.28,0.25,0.19,0.24,0.19,0.16,0.14,0.14,0.18,0.33,0.84,0.84,0.85,0.85,0.84,0.84,0.61,0.43,0.33,0.23,0.33,0.33,0.38,0.24,0.45,0.27,0.89,0.87,0.85,0.88,0.89,0.84,0.89,0.82,0.88,0.81,0.52,0.51,0.5,0.29,0.68,0.51,0.55,0.74,0.84,0.68,0.39,0.31,0.34,0.38,0.51,0.84,0.58,0.47,0.53,0.39,0.64,0.54,0.26,0.32,0.44,0.25,0.12,0.16,0.11,0.04,0.11,0.33,0.31,0.27,0.27,0.24,0.18,0.31,0.33,0.27,0.27,0.35,0.36,0.31,0.23,0.19,0.14,0.19,0.27,0.27,0.05,0.07,0.13,0.09,0.33,0.33,0.29,0.23,0.33,0.36,0.38,0.37,0.37,0.36,0.38,0.4,0.18,0.21,0.22,0.2,0.33,0.34,0.33,0.36,0.35,0.37,0.34,0.34,0.35,0.35,0.38,0.41,0.24,0.18,0.24,0.27,0.36,0.33,0.38,0.37,0.38,0.34,0.38,0.33,0.32,0.33,0.31,0.33,0.17,0.2,0.43,0.46,0.28,0.29,0.24,0.29,0.38,0.27,0.29,0.35,0.32,0.33,0.4,0.46,0.31,0.16,0.4,0.3,0.38,0.32,0.23,0.37,0.35,0.35,0.36,0.38,0.41,0.44,0.44,0.42,0.25,0.11,0.24,0.16,0.29,0.2,0.2,0.29,0.23,0.22,0.24,0.26,0.25,0.27,0.25,0.22,0.24,0.27,0.24,0.24,0.24,0.11,0.2,0.33,0.31,0.32,0.35,0.35,0.35,0.36,0.34,0.36,0.37,0.32,0.29,0.28,0.18,0.2,0.27,0.38,0.47,0.48,0.47,0.45,0.34,0.27,0.25,0.23,0.2,0.18,0.22,0.22,0.37,0.4,0.4,0.38,0.36,0.33,0.3,0.26,0.23,0.2,0.2,0.2,0.22,0.19,0.18,0.18,0.32,0.35,0.33,0.29,0.27,0.27,0.26,0.24,0.25,0.24,0.23,0.24,0.22,0.22,0.22,0.22
giraffe,"A giraffe standing in a field next to a fence.",0.75,0.75,0.75,0.76,0.75,0.75,0.75,0.76,0.73,0.45,0.27,0.34,0.33,0.27,0.25,0.24,0.75,0.75,0.75,0.75,0.77,0.78,0.78,0.8,0.66,0.33,0.33,0.34,0.26,0.28,0.3,0.26,0.74,0.75,0.75,0.76,0.7,0.56,0.55,0.6,0.7,0.47,0.26,0.22,0.25,0.25,0.25,0.2,0.71,0.75,0.75,0.69,0.29,0.24,0.28,0.3,0.38,0.3,0.22,0.2,0.21,0.21,0.2,0.21,0.59,0.74,0.76,0.57,0.16,0.24,0.25,0.27,0.32,0.27,0.22,0.28,0.27,0.24,0.23,0.24,0.35,0.69,0.79,0.53,0.16,0.22,0.24,0.17,0.3,0.26,0.21,0.22,0.2,0.15,0.14,0.16,0.26,0.48,0.68,0.35,0.15,0.21,0.17,0.11,0.25,0.22,0.15,0.12,0.19,0.16,0.18,0.16,0.15,0.16,0.28,0.24,0.19,0.21,0.2,0.31,0.21,0.12,0.11,0.11,0.14,0.15,0.15,0.13,0.32,0.18,0.2,0.22,0.25,0.2,0.4,0.38,0.18,0.22,0.12,0.11,0.14,0.14,0.25,0.23,0.45,0.43,0.43,0.38,0.44,0.36,0.38,0.37,0.33,0.35,0.29,0.25,0.31,0.31,0.39,0.34,0.47,0.49,0.49,0.47,0.45,0.47,0.48,0.52,0.53,0.5,0.52,0.49,0.45,0.46,0.48,0.5,0.55,0.47,0.49,0.49,0.5,0.51,0.52,0.53,0.52,0.54,0.54,0.56,0.49,0.48,0.5,0.53,0.48,0.49,0.5,0.51,0.51,0.52,0.51,0.51,0.51,0.52,0.52,0.51,0.53,0.53,0.53,0.51,0.47,0.45,0.47,0.49,0.47,0.49,0.51,0.51,0.51,0.52,0.52,0.51,0.49,0.51,0.5,0.49,0.45,0.45,0.45,0.47,0.47,0.48,0.48,0.51,0.51,0.5,0.54,0.53,0.51,0.51,0.49,0.47,0.45,0.46,0.47,0.47,0.48,0.49,0.51,0.51,0.51,0.5,0.5,0.5,0.5,0.47,0.48,0.48
giraffe,"Family of giraffes standing out in the open.",0.28,0.26,0.3,0.42,0.26,0.3,0.26,0.2,0.21,0.17,0.11,0.16,0.19,0.22,0.27,0.3,0.27,0.45,0.49,0.29,0.29,0.35,0.19,0.16,0.15,0.17,0.24,0.22,0.2,0.25,0.24,0.25,0.26,0.51,0.6,0.36,0.41,0.45,0.31,0.21,0.2,0.15,0.29,0.34,0.29,0.3,0.3,0.25,0.16,0.23,0.63,0.44,0.22,0.23,0.32,0.2,0.16,0.22,0.49,0.6,0.64,0.29,0.16,0.19,0.29,0.29,0.41,0.65,0.49,0.32,0.29,0.29,0.21,0.15,0.23,0.22,0.48,0.51,0.29,0.25,0.3,0.36,0.28,0.42,0.7,0.66,0.55,0.38,0.32,0.28,0.15,0.16,0.24,0.55,0.53,0.46,0.31,0.38,0.34,0.38,0.57,0.68,0.77,0.59,0.35,0.42,0.27,0.12,0.12,0.39,0.64,0.65,0.24,0.14,0.2,0.38,0.57,0.62,0.65,0.62,0.28,0.29,0.27,0.21,0.11,0.3,0.6,0.57,0.32,0.24,0.27,0.34,0.57,0.51,0.62,0.55,0.47,0.4,0.25,0.47,0.43,0.44,0.42,0.45,0.67,0.72,0.67,0.69,0.55,0.43,0.6,0.58,0.31,0.46,0.55,0.66,0.78,0.7,0.55,0.57,0.51,0.6,0.66,0.58,0.66,0.54,0.56,0.58,0.22,0.25,0.5,0.49,0.46,0.54,0.68,0.67,0.43,0.54,0.51,0.41,0.54,0.53,0.49,0.47,0.28,0.31,0.39,0.49,0.4,0.44,0.59,0.71,0.64,0.7,0.7,0.65,0.65,0.64,0.64,0.63,0.66,0.65,0.67,0.69,0.69,0.67,0.66,0.67,0.73,0.74,0.69,0.72,0.77,0.75,0.75,0.8,0.73,0.7,0.73,0.76,0.78,0.72,0.69,0.71,0.73,0.72,0.64,0.74,0.84,0.86,0.86,0.86,0.83,0.76,0.81,0.82,0.88,0.92,0.78,0.67,0.64,0.65,0.66,0.74,0.78,0.76,0.73,0.74,0.7,0.65,0.82,0.78,0.76,0.64,0.58,0.62
giraffe,"A couple of giraffe standing in a building.",0.51,0.55,0.48,0.42,0.42,0.4,0.38,0.36,0.51,0.51,0.45,0.39,0.44,0.51,0.44,0.42,0.52,0.55,0.45,0.44,0.42,0.42,0.42,0.4,0.58,0.55,0.47,0.4,0.49,0.53,0.62,0.6,0.53,0.52,0.46,0.44,0.43,0.43,0.4,0.4,0.6,0.58,0.48,0.4,0.47,0.53,0.83,0.76,0.56,0.56,0.48,0.46,0.42,0.46,0.45,0.36,0.55,0.59,0.47,0.35,0.38,0.45,0.82,0.71,0.52,0.48,0.41,0.43,0.4,0.33,0.32,0.31,0.39,0.47,0.41,0.34,0.35,0.41,0.82,0.65,0.39,0.39,0.43,0.38,0.4,0.34,0.33,0.29,0.31,0.35,0.42,0.37,0.36,0.44,0.83,0.61,0.37,0.51,0.45,0.33,0.44,0.46,0.44,0.39,0.53,0.53,0.47,0.38,0.38,0.46,0.87,0.56,0.29,0.47,0.47,0.41,0.5,0.47,0.42,0.37,0.56,0.58,0.47,0.38,0.37,0.41,0.65,0.44,0.38,0.46,0.49,0.51,0.5,0.43,0.39,0.4,0.52,0.52,0.45,0.4,0.42,0.42,0.4,0.35,0.43,0.48,0.44,0.51,0.46,0.36,0.29,0.42,0.51,0.51,0.43,0.39,0.44,0.41,0.27,0.3,0.37,0.43,0.41,0.46,0.45,0.44,0.33,0.38,0.49,0.47,0.4,0.35,0.4,0.38,0.28,0.28,0.38,0.4,0.39,0.4,0.31,0.33,0.32,0.3,0.33,0.35,0.35,0.33,0.35,0.36,0.43,0.38,0.36,0.36,0.38,0.33,0.25,0.27,0.32,0.29,0.18,0.22,0.31,0.31,0.29,0.31,0.31,0.33,0.42,0.4,0.36,0.26,0.19,0.22,0.21,0.24,0.18,0.19,0.26,0.24,0.19,0.24,0.2,0.2,0.48,0.43,0.38,0.27,0.13,0.17,0.15,0.16,0.16,0.1,0.09,0.1,0.11,0.13,0.17,0.2,0.47,0.46,0.45,0.44,0.4,0.36,0.34,0.31,0.3,0.31,0.28,0.23,0.22,0.22,0.27,0.34
giraffe,"A herd of giraffes of multiple heights standing together.",0.33,0.32,0.32,0.35,0.3,0.38,0.37,0.37,0.47,0.44,0.43,0.41,0.4,0.37,0.42,0.36,0.29,0.34,0.35,0.28,0.22,0.18,0.29,0.36,0.35,0.25,0.27,0.29,0.29,0.36,0.25,0.18,0.23,0.18,0.18,0.22,0.24,0.23,0.37,0.65,0.34,0.24,0.16,0.12,0.35,0.45,0.22,0.28,0.19,0.18,0.22,0.24,0.23,0.29,0.47,0.47,0.55,0.47,0.18,0.24,0.54,0.59,0.6,0.31,0.13,0.18,0.19,0.13,0.22,0.43,0.51,0.49,0.36,0.33,0.44,0.59,0.66,0.47,0.44,0.27,0.16,0.18,0.16,0.14,0.23,0.28,0.31,0.29,0.36,0.35,0.35,0.36,0.33,0.3,0.44,0.31,0.21,0.2,0.15,0.15,0.16,0.14,0.15,0.18,0.3,0.31,0.26,0.27,0.22,0.15,0.31,0.37,0.22,0.18,0.22,0.45,0.43,0.24,0.2,0.19,0.17,0.31,0.31,0.33,0.27,0.24,0.34,0.5,0.22,0.17,0.2,0.56,0.62,0.42,0.19,0.2,0.21,0.22,0.35,0.35,0.35,0.32,0.19,0.36,0.2,0.18,0.35,0.6,0.51,0.49,0.37,0.23,0.2,0.3,0.29,0.38,0.36,0.43,0.52,0.4,0.15,0.36,0.51,0.47,0.34,0.44,0.46,0.34,0.25,0.2,0.21,0.31,0.45,0.48,0.54,0.46,0.33,0.64,0.6,0.45,0.22,0.46,0.59,0.49,0.49,0.33,0.4,0.48,0.52,0.65,0.42,0.33,0.45,0.57,0.51,0.52,0.43,0.52,0.46,0.41,0.38,0.44,0.46,0.5,0.5,0.48,0.37,0.47,0.54,0.31,0.23,0.46,0.47,0.38,0.36,0.46,0.42,0.32,0.41,0.52,0.48,0.41,0.48,0.49,0.47,0.4,0.3,0.3,0.41,0.42,0.4,0.41,0.44,0.48,0.54,0.49,0.46,0.44,0.52,0.45,0.19,0.25,0.4,0.24,0.3,0.38,0.38,0.44,0.4,0.51,0.53,0.35,0.47,0.44,0.5,0.52
giraffe,"Giraffes in their wood and grass zoo enclosure",0.52,0.51,0.41,0.46,0.58,0.62,0.58,0.57,0.47,0.35,0.33,0.45,0.42,0.29,0.35,0.32,0.31,0.31,0.37,0.42,0.5,0.5,0.52,0.52,0.5,0.4,0.38,0.4,0.44,0.33,0.23,0.26,0.34,0.31,0.35,0.43,0.49,0.46,0.45,0.47,0.47,0.5,0.45,0.36,0.39,0.33,0.29,0.22,0.29,0.33,0.38,0.47,0.49,0.43,0.41,0.44,0.45,0.47,0.41,0.37,0.47,0.36,0.4,0.36,0.33,0.38,0.4,0.42,0.42,0.43,0.41,0.41,0.38,0.33,0.29,0.26,0.42,0.33,0.37,0.21,0.31,0.34,0.34,0.35,0.34,0.35,0.35,0.33,0.26,0.22,0.21,0.26,0.49,0.21,0.18,0.14,0.26,0.27,0.33,0.27,0.28,0.26,0.23,0.25,0.2,0.17,0.09,0.48,0.63,0.11,0.05,0.03,0.36,0.31,0.27,0.13,0.13,0.16,0.16,0.25,0.22,0.18,0.14,0.53,0.56,0.26,0.31,0.35,0.52,0.47,0.51,0.48,0.45,0.49,0.55,0.6,0.62,0.66,0.71,0.66,0.64,0.77,0.78,0.8,0.69,0.72,0.54,0.57,0.67,0.76,0.78,0.8,0.8,0.81,0.79,0.64,0.73,0.75,0.72,0.71,0.71,0.72,0.55,0.69,0.67,0.78,0.8,0.73,0.77,0.75,0.74,0.74,0.75,0.69,0.68,0.71,0.73,0.74,0.63,0.63,0.64,0.64,0.69,0.68,0.69,0.75,0.82,0.8,0.77,0.67,0.66,0.68,0.75,0.68,0.56,0.6,0.69,0.7,0.69,0.68,0.63,0.68,0.66,0.67,0.74,0.8,0.81,0.76,0.69,0.67,0.66,0.64,0.61,0.64,0.7,0.73,0.73,0.67,0.61,0.6,0.64,0.76,0.81,0.79,0.67,0.65,0.67,0.69,0.66,0.61,0.63,0.69,0.69,0.61,0.58,0.57,0.65,0.67,0.65,0.6,0.65,0.65,0.66,0.65,0.66,0.66,0.69,0.68,0.65,0.64,0.64,0.61,0.59,0.57,0.56,0.53
giraffe,"Giraffes inside of their habitat at a zoo",0.36,0.57,0.79,0.74,0.71,0.67,0.65,0.57,0.55,0.48,0.73,0.59,0.5,0.45,0.54,0.45,0.36,0.4,0.5,0.49,0.67,0.63,0.56,0.58,0.56,0.51,0.64,0.65,0.64,0.52,0.58,0.5,0.31,0.29,0.19,0.2,0.55,0.72,0.56,0.56,0.58,0.53,0.55,0.55,0.62,0.62,0.62,0.6,0.39,0.34,0.36,0.24,0.44,0.48,0.47,0.56,0.53,0.55,0.54,0.53,0.6,0.67,0.56,0.49,0.46,0.36,0.37,0.24,0.41,0.36,0.3,0.5,0.49,0.4,0.34,0.54,0.55,0.61,0.66,0.56,0.52,0.32,0.27,0.28,0.4,0.44,0.49,0.58,0.38,0.36,0.3,0.4,0.5,0.59,0.63,0.69,0.53,0.31,0.33,0.31,0.23,0.39,0.49,0.64,0.6,0.27,0.22,0.55,0.6,0.61,0.64,0.68,0.55,0.36,0.43,0.3,0.04,0.24,0.35,0.29,0.57,0.54,0.38,0.49,0.57,0.6,0.62,0.6,0.53,0.42,0.35,0.23,0.07,0.07,0.2,0.14,0.24,0.71,0.64,0.57,0.49,0.49,0.56,0.52,0.54,0.44,0.37,0.26,0.04,0.31,0.48,0.11,0.11,0.56,0.69,0.7,0.6,0.57,0.62,0.59,0.58,0.38,0.4,0.22,0.12,0.64,0.36,0.13,0.11,0.5,0.57,0.67,0.46,0.45,0.62,0.63,0.53,0.4,0.49,0.24,0.12,0.51,0.25,0.13,0.09,0.49,0.44,0.59,0.5,0.11,0.26,0.69,0.58,0.44,0.55,0.28,0.05,0.25,0.19,0.1,0.06,0.51,0.52,0.46,0.69,0.2,0.25,0.65,0.62,0.44,0.61,0.33,0.04,0.25,0.25,0.25,0.28,0.56,0.68,0.66,0.77,0.47,0.49,0.72,0.65,0.45,0.72,0.67,0.73,0.84,0.87,0.9,0.92,0.9,0.9,0.93,0.86,0.87,0.85,0.92,0.63,0.44,0.62,0.76,0.89,0.87,0.89,0.87,0.89,0.92,0.92,0.92,0.92,0.9,0.89,0.89
giraffe,"The adult giraffe is standing near a metal fence.",0.14,0.13,0.1,0.14,0.32,0.31,0.31,0.25,0.15,0.16,0.18,0.17,0.24,0.15,0.15,0.15,0.13,0.15,0.13,0.18,0.41,0.29,0.22,0.27,0.24,0.31,0.26,0.19,0.21,0.25,0.14,0.16,0.16,0.11,0.27,0.45,0.38,0.16,0.21,0.38,0.39,0.37,0.4,0.21,0.22,0.29,0.15,0.32,0.12,0.15,0.25,0.46,0.53,0.23,0.32,0.38,0.41,0.43,0.35,0.29,0.35,0.26,0.18,0.35,0.12,0.26,0.35,0.49,0.65,0.37,0.27,0.28,0.25,0.36,0.41,0.42,0.44,0.31,0.28,0.39,0.28,0.32,0.36,0.44,0.35,0.53,0.39,0.36,0.45,0.49,0.46,0.56,0.62,0.42,0.46,0.71,0.33,0.31,0.39,0.3,0.21,0.39,0.62,0.41,0.6,0.53,0.33,0.41,0.56,0.39,0.27,0.43,0.28,0.35,0.44,0.39,0.29,0.2,0.49,0.61,0.64,0.67,0.65,0.64,0.53,0.41,0.51,0.62,0.38,0.38,0.39,0.42,0.59,0.52,0.49,0.55,0.69,0.73,0.76,0.8,0.84,0.71,0.57,0.75,0.73,0.52,0.42,0.31,0.52,0.75,0.65,0.51,0.49,0.62,0.67,0.73,0.78,0.8,0.56,0.68,0.62,0.42,0.4,0.29,0.38,0.63,0.64,0.43,0.49,0.39,0.54,0.62,0.75,0.73,0.6,0.75,0.55,0.4,0.42,0.29,0.34,0.46,0.48,0.45,0.59,0.45,0.51,0.54,0.6,0.57,0.56,0.57,0.51,0.39,0.42,0.28,0.32,0.42,0.39,0.48,0.52,0.52,0.54,0.54,0.54,0.58,0.62,0.62,0.47,0.33,0.46,0.34,0.45,0.56,0.48,0.58,0.64,0.69,0.72,0.54,0.56,0.62,0.64,0.68,0.48,0.45,0.46,0.41,0.46,0.53,0.46,0.55,0.54,0.62,0.68,0.64,0.63,0.63,0.61,0.6,0.56,0.57,0.5,0.39,0.45,0.48,0.43,0.53,0.54,0.59,0.6,0.61,0.63,0.62,0.65,0.7
giraffe,"the neck and head of a giraffe at the zoo",0.4,0.41,0.4,0.43,0.45,0.49,0.49,0.44,0.42,0.42,0.41,0.42,0.4,0.42,0.42,0.39,0.42,0.43,0.42,0.42,0.42,0.46,0.47,0.44,0.45,0.45,0.44,0.43,0.43,0.44,0.42,0.41,0.45,0.45,0.46,0.46,0.45,0.49,0.49,0.47,0.47,0.48,0.47,0.45,0.46,0.46,0.43,0.43,0.53,0.5,0.51,0.51,0.47,0.51,0.52,0.49,0.53,0.51,0.5,0.46,0.47,0.45,0.45,0.45,0.47,0.53,0.63,0.66,0.59,0.58,0.56,0.56,0.44,0.53,0.52,0.51,0.55,0.53,0.49,0.48,0.19,0.25,0.38,0.55,0.8,0.83,0.58,0.71,0.49,0.56,0.56,0.55,0.6,0.59,0.54,0.52,0.19,0.19,0.24,0.21,0.34,0.6,0.57,0.68,0.51,0.4,0.59,0.59,0.56,0.56,0.59,0.57,0.16,0.18,0.2,0.21,0.26,0.55,0.65,0.25,0.29,0.29,0.44,0.6,0.61,0.62,0.6,0.62,0.17,0.22,0.24,0.28,0.61,0.62,0.71,0.49,0.29,0.27,0.36,0.46,0.42,0.48,0.63,0.66,0.25,0.25,0.23,0.48,0.54,0.41,0.3,0.21,0.28,0.32,0.27,0.28,0.31,0.24,0.36,0.37,0.22,0.26,0.24,0.3,0.24,0.32,0.28,0.25,0.2,0.25,0.3,0.17,0.32,0.33,0.27,0.32,0.26,0.24,0.24,0.26,0.33,0.45,0.31,0.26,0.25,0.27,0.46,0.15,0.45,0.35,0.34,0.3,0.36,0.26,0.35,0.33,0.35,0.53,0.38,0.32,0.32,0.29,0.47,0.19,0.31,0.38,0.33,0.31,0.4,0.39,0.31,0.25,0.22,0.25,0.38,0.36,0.32,0.38,0.45,0.33,0.13,0.24,0.26,0.34,0.33,0.37,0.22,0.26,0.23,0.23,0.27,0.25,0.22,0.38,0.49,0.29,0.22,0.31,0.38,0.34,0.42,0.36,0.28,0.33,0.25,0.35,0.43,0.42,0.47,0.45,0.5,0.49,0.16,0.24,0.51,0.48
giraffe,"Two giraffes browsing on a bush under a cloudy sky.",0.86,0.85,0.86,0.85,0.85,0.86,0.87,0.89,0.89,0.87,0.85,0.84,0.84,0.83,0.82,0.82,0.85,0.86,0.85,0.85,0.87,0.87,0.87,0.89,0.87,0.85,0.85,0.85,0.85,0.84,0.84,0.83,0.84,0.85,0.85,0.86,0.87,0.86,0.86,0.87,0.87,0.85,0.85,0.85,0.85,0.85,0.83,0.82,0.82,0.82,0.84,0.85,0.85,0.85,0.85,0.84,0.85,0.85,0.85,0.84,0.84,0.83,0.82,0.82,0.8,0.79,0.79,0.81,0.83,0.83,0.83,0.85,0.84,0.83,0.84,0.83,0.82,0.8,0.8,0.79,0.82,0.8,0.81,0.81,0.8,0.8,0.83,0.73,0.78,0.83,0.8,0.8,0.8,0.79,0.78,0.79,0.74,0.81,0.72,0.74,0.82,0.84,0.78,0.33,0.45,0.81,0.8,0.78,0.77,0.75,0.78,0.71,0.35,0.42,0.47,0.3,0.45,0.47,0.3,0.17,0.14,0.3,0.43,0.57,0.8,0.82,0.63,0.13,0.18,0.23,0.32,0.1,0.08,0.07,0.08,0.09,0.1,0.09,0.14,0.34,0.4,0.4,0.28,0.02,0.24,0.25,0.2,0.16,0.16,0.12,0.09,0.11,0.13,0.12,0.1,0.24,0.23,0.21,0.24,0.22,0.3,0.27,0.26,0.27,0.27,0.27,0.25,0.25,0.25,0.28,0.25,0.29,0.32,0.3,0.29,0.28,0.34,0.35,0.33,0.35,0.35,0.37,0.35,0.35,0.35,0.36,0.33,0.33,0.34,0.31,0.32,0.35,0.33,0.36,0.39,0.37,0.37,0.36,0.36,0.36,0.35,0.36,0.35,0.34,0.33,0.34,0.33,0.34,0.31,0.31,0.35,0.34,0.34,0.34,0.35,0.36,0.36,0.36,0.36,0.37,0.36,0.35,0.35,0.32,0.35,0.34,0.32,0.3,0.34,0.35,0.35,0.36,0.38,0.37,0.37,0.36,0.36,0.35,0.36,0.36,0.38,0.36,0.32,0.31,0.36,0.37,0.36,0.35,0.41,0.4,0.36,0.36,0.34,0.35,0.33,0.33
giraffe,"A little boy in a yellow shirt feeding a giraffe.",0.4,0.41,0.44,0.49,0.55,0.59,0.65,0.73,0.81,0.83,0.87,0.91,0.9,0.87,0.88,0.85,0.26,0.33,0.38,0.31,0.34,0.4,0.38,0.4,0.43,0.44,0.49,0.56,0.48,0.42,0.43,0.39,0.27,0.29,0.31,0.27,0.29,0.32,0.28,0.33,0.32,0.31,0.29,0.25,0.22,0.27,0.33,0.29,0.33,0.36,0.42,0.33,0.32,0.3,0.31,0.35,0.39,0.45,0.42,0.44,0.43,0.46,0.4,0.36,0.38,0.49,0.51,0.3,0.35,0.36,0.36,0.38,0.39,0.4,0.4,0.39,0.4,0.42,0.44,0.4,0.51,0.46,0.47,0.44,0.7,0.62,0.6,0.61,0.62,0.67,0.71,0.65,0.6,0.48,0.44,0.44,0.43,0.41,0.33,0.36,0.71,0.9,0.87,0.83,0.79,0.66,0.52,0.44,0.43,0.48,0.54,0.6,0.38,0.31,0.32,0.3,0.36,0.55,0.41,0.29,0.41,0.34,0.52,0.6,0.64,0.74,0.51,0.58,0.21,0.24,0.3,0.38,0.47,0.37,0.47,0.74,0.73,0.74,0.76,0.78,0.66,0.58,0.43,0.45,0.28,0.42,0.6,0.75,0.84,0.87,0.78,0.59,0.8,0.85,0.54,0.35,0.27,0.57,0.62,0.43,0.84,0.89,0.9,0.87,0.91,0.82,0.87,0.64,0.53,0.6,0.49,0.32,0.32,0.46,0.49,0.57,0.95,0.91,0.83,0.8,0.87,0.9,0.83,0.69,0.72,0.6,0.4,0.37,0.31,0.27,0.56,0.63,0.99,0.99,0.91,0.81,0.73,0.72,0.74,0.62,0.47,0.26,0.45,0.35,0.27,0.19,0.32,0.44,0.91,0.81,0.71,0.71,0.74,0.65,0.38,0.35,0.4,0.53,0.69,0.45,0.31,0.23,0.49,0.5,0.71,0.71,0.74,0.61,0.36,0.16,0.22,0.48,0.61,0.73,0.53,0.34,0.36,0.29,0.53,0.36,0.73,0.6,0.31,0.14,0.16,0.42,0.68,0.64,0.31,0.56,0.45,0.33,0.31,0.45,0.56,0.3
giraffe,"A giraffe hangs its neck low in a large field.",0.36,0.49,0.49,0.33,0.46,0.33,0.27,0.29,0.33,0.44,0.36,0.39,0.32,0.3,0.34,0.34,0.43,0.39,0.43,0.38,0.34,0.27,0.23,0.33,0.29,0.43,0.36,0.33,0.24,0.33,0.37,0.37,0.36,0.37,0.4,0.47,0.38,0.21,0.2,0.29,0.32,0.44,0.38,0.33,0.46,0.6,0.58,0.55,0.46,0.36,0.36,0.41,0.4,0.37,0.38,0.42,0.3,0.45,0.37,0.47,0.61,0.59,0.58,0.57,0.58,0.55,0.49,0.48,0.55,0.62,0.54,0.45,0.23,0.44,0.43,0.53,0.44,0.4,0.45,0.4,0.4,0.52,0.55,0.53,0.53,0.51,0.48,0.48,0.49,0.57,0.6,0.58,0.49,0.38,0.45,0.45,0.64,0.62,0.6,0.57,0.6,0.6,0.58,0.67,0.72,0.63,0.61,0.58,0.61,0.62,0.61,0.61,0.68,0.64,0.62,0.62,0.64,0.64,0.6,0.61,0.67,0.69,0.6,0.6,0.62,0.6,0.6,0.6,0.56,0.58,0.58,0.6,0.59,0.6,0.6,0.59,0.55,0.57,0.59,0.55,0.59,0.58,0.57,0.57,0.6,0.6,0.59,0.6,0.59,0.55,0.54,0.53,0.55,0.57,0.58,0.56,0.58,0.57,0.56,0.56,0.58,0.58,0.6,0.59,0.56,0.56,0.55,0.55,0.56,0.58,0.59,0.59,0.58,0.58,0.58,0.58,0.59,0.6,0.6,0.6,0.6,0.62,0.62,0.62,0.62,0.61,0.6,0.6,0.6,0.6,0.6,0.59,0.6,0.59,0.6,0.6,0.62,0.63,0.61,0.6,0.62,0.61,0.6,0.62,0.6,0.59,0.59,0.59,0.6,0.6,0.61,0.61,0.61,0.61,0.61,0.62,0.63,0.63,0.64,0.63,0.64,0.64,0.63,0.61,0.6,0.59,0.6,0.62,0.61,0.62,0.64,0.64,0.64,0.64,0.64,0.64,0.64,0.64,0.63,0.62,0.6,0.6,0.6,0.6,0.62,0.62,0.62,0.62,0.62,0.62,0.62,0.62,0.62,0.6,0.58,0.58
giraffe,"Two giraffe's and a water buffalo in a zoo type environment",0.99,0.99,0.99,0.99,1.0,0.99,1.0,0.64,0.65,1.0,0.98,1.0,0.58,0.58,1.0,0.98,0.99,0.98,0.98,0.99,0.99,0.98,0.99,0.65,0.4,0.77,0.92,1.0,0.63,0.54,1.0,0.92,1.0,1.0,1.0,1.0,0.99,0.99,0.98,0.63,0.28,0.62,0.9,1.0,0.64,0.42,0.93,0.99,0.6,0.61,0.86,1.0,1.0,1.0,1.0,0.78,0.29,0.71,0.88,0.69,0.55,0.35,0.82,0.98,0.26,0.24,0.27,0.49,0.75,0.79,0.92,0.55,0.27,0.7,0.89,0.48,0.44,0.3,0.6,0.64,0.36,0.35,0.39,0.44,0.41,0.36,0.49,0.44,0.33,0.39,0.53,0.4,0.36,0.27,0.42,0.51,0.49,0.47,0.59,0.58,0.45,0.47,0.48,0.44,0.36,0.33,0.4,0.47,0.47,0.31,0.64,0.62,0.63,0.65,0.64,0.62,0.66,0.47,0.3,0.31,0.24,0.34,0.49,0.39,0.49,0.25,0.43,0.56,0.6,0.49,0.32,0.4,0.58,0.33,0.23,0.29,0.24,0.45,0.54,0.21,0.41,0.27,0.44,0.55,0.51,0.36,0.26,0.4,0.58,0.39,0.25,0.35,0.33,0.59,0.54,0.3,0.38,0.27,0.5,0.54,0.59,0.58,0.59,0.63,0.64,0.35,0.46,0.37,0.32,0.52,0.51,0.41,0.42,0.24,0.46,0.53,0.66,0.69,0.7,0.7,0.7,0.45,0.64,0.48,0.33,0.64,0.65,0.52,0.51,0.25,0.45,0.53,0.64,0.61,0.58,0.61,0.62,0.43,0.52,0.44,0.43,0.64,0.61,0.54,0.44,0.16,0.44,0.6,0.45,0.39,0.38,0.39,0.36,0.35,0.42,0.48,0.51,0.53,0.53,0.48,0.32,0.35,0.51,0.55,0.26,0.35,0.47,0.48,0.48,0.51,0.51,0.49,0.52,0.45,0.34,0.43,0.51,0.51,0.51,0.51,0.4,0.44,0.47,0.49,0.49,0.48,0.41,0.45,0.35,0.27,0.45,0.52,0.49,0.48,0.48,0.48
giraffe,"A giraffe drinking water with a long tongue.",0.15,0.15,0.11,0.3,0.42,0.26,0.45,0.25,0.13,0.05,0.04,0.04,0.04,0.05,0.06,0.07,0.18,0.18,0.17,0.17,0.18,0.45,0.25,0.24,0.1,0.07,0.07,0.07,0.07,0.08,0.09,0.1,0.21,0.22,0.21,0.16,0.38,0.28,0.38,0.35,0.16,0.14,0.15,0.14,0.14,0.14,0.15,0.15,0.24,0.25,0.27,0.24,0.27,0.45,0.48,0.4,0.32,0.25,0.23,0.2,0.18,0.19,0.19,0.2,0.28,0.27,0.28,0.28,0.23,0.47,0.58,0.69,0.61,0.46,0.25,0.22,0.22,0.24,0.24,0.24,0.39,0.31,0.28,0.3,0.31,0.34,0.53,0.58,0.45,0.29,0.23,0.29,0.26,0.24,0.25,0.25,0.53,0.4,0.28,0.29,0.3,0.33,0.48,0.39,0.44,0.27,0.2,0.31,0.3,0.27,0.28,0.27,0.55,0.47,0.35,0.27,0.27,0.31,0.38,0.3,0.27,0.17,0.27,0.31,0.29,0.31,0.31,0.29,0.42,0.4,0.41,0.34,0.31,0.3,0.38,0.29,0.2,0.28,0.32,0.31,0.31,0.31,0.29,0.3,0.6,0.5,0.42,0.4,0.33,0.3,0.36,0.4,0.36,0.35,0.31,0.32,0.33,0.32,0.29,0.3,0.45,0.54,0.66,0.37,0.33,0.44,0.38,0.47,0.44,0.35,0.34,0.35,0.34,0.34,0.33,0.33,0.55,0.66,0.65,0.71,0.45,0.51,0.43,0.27,0.3,0.39,0.4,0.32,0.37,0.38,0.36,0.38,0.37,0.61,0.59,0.66,0.6,0.51,0.46,0.32,0.36,0.4,0.37,0.21,0.23,0.35,0.39,0.4,0.56,0.8,0.72,0.74,0.73,0.49,0.46,0.34,0.38,0.36,0.35,0.33,0.18,0.15,0.23,0.31,0.6,0.7,0.71,0.69,0.58,0.61,0.56,0.43,0.33,0.35,0.35,0.31,0.33,0.35,0.34,0.31,0.42,0.55,0.62,0.58,0.52,0.57,0.65,0.44,0.31,0.37,0.34,0.27,0.23,0.42,0.42,0.36
giraffe,"Giraffes standing in a wooded area; touching heads.",0.78,0.78,0.8,0.81,0.8,0.81,0.81,0.82,0.82,0.81,0.79,0.78,0.76,0.74,0.73,0.74,0.77,0.78,0.79,0.79,0.8,0.8,0.8,0.81,0.8,0.77,0.76,0.78,0.75,0.73,0.73,0.74,0.78,0.77,0.78,0.78,0.79,0.79,0.78,0.78,0.79,0.79,0.78,0.74,0.73,0.73,0.73,0.73,0.81,0.8,0.77,0.76,0.76,0.8,0.78,0.8,0.72,0.47,0.49,0.73,0.73,0.71,0.73,0.57,0.58,0.63,0.78,0.8,0.8,0.62,0.74,0.72,0.33,0.31,0.39,0.69,0.71,0.74,0.71,0.42,0.33,0.37,0.49,0.49,0.47,0.28,0.33,0.25,0.2,0.38,0.36,0.38,0.39,0.69,0.74,0.59,0.27,0.37,0.37,0.24,0.31,0.32,0.31,0.33,0.31,0.25,0.22,0.3,0.42,0.35,0.28,0.42,0.28,0.25,0.32,0.27,0.23,0.22,0.26,0.26,0.26,0.29,0.33,0.34,0.29,0.19,0.22,0.18,0.23,0.2,0.27,0.23,0.15,0.2,0.19,0.19,0.27,0.26,0.31,0.35,0.33,0.23,0.22,0.22,0.19,0.22,0.28,0.22,0.22,0.24,0.2,0.16,0.22,0.26,0.28,0.26,0.33,0.28,0.12,0.16,0.25,0.24,0.27,0.25,0.24,0.23,0.2,0.2,0.18,0.28,0.26,0.28,0.31,0.26,0.13,0.11,0.27,0.19,0.18,0.21,0.26,0.22,0.25,0.28,0.24,0.28,0.14,0.2,0.34,0.23,0.08,0.09,0.32,0.16,0.15,0.15,0.24,0.23,0.23,0.29,0.27,0.33,0.17,0.19,0.34,0.21,0.08,0.09,0.31,0.19,0.17,0.15,0.22,0.15,0.19,0.21,0.21,0.32,0.16,0.22,0.25,0.22,0.13,0.12,0.33,0.31,0.31,0.28,0.25,0.25,0.27,0.27,0.27,0.36,0.29,0.33,0.25,0.26,0.18,0.17,0.42,0.44,0.45,0.45,0.41,0.44,0.44,0.42,0.41,0.36,0.38,0.38,0.36,0.34,0.32,0.31
giraffe,"a giraffe standing in a pen next to a tree trunk.",0.24,0.24,0.27,0.28,0.29,0.36,0.3,0.27,0.27,0.29,0.29,0.29,0.25,0.25,0.3,0.27,0.44,0.36,0.4,0.39,0.38,0.36,0.32,0.31,0.41,0.46,0.39,0.33,0.4,0.39,0.4,0.38,0.49,0.49,0.54,0.49,0.43,0.38,0.32,0.42,0.44,0.67,0.65,0.4,0.38,0.44,0.47,0.39,0.4,0.42,0.42,0.52,0.54,0.53,0.55,0.58,0.85,0.75,0.58,0.44,0.41,0.43,0.37,0.37,0.4,0.36,0.38,0.42,0.45,0.48,0.58,0.58,0.84,0.54,0.25,0.38,0.45,0.37,0.4,0.38,0.35,0.37,0.36,0.31,0.39,0.4,0.39,0.78,0.68,0.45,0.46,0.37,0.56,0.4,0.37,0.34,0.4,0.3,0.23,0.24,0.29,0.29,0.55,0.78,0.73,0.6,0.48,0.41,0.57,0.47,0.41,0.3,0.45,0.33,0.29,0.29,0.23,0.29,0.6,0.7,0.52,0.38,0.47,0.55,0.45,0.38,0.35,0.31,0.35,0.37,0.29,0.35,0.33,0.47,0.76,0.67,0.44,0.24,0.27,0.28,0.24,0.22,0.23,0.2,0.28,0.35,0.33,0.28,0.31,0.59,0.68,0.49,0.4,0.27,0.31,0.29,0.28,0.31,0.31,0.3,0.29,0.32,0.3,0.26,0.43,0.67,0.77,0.47,0.34,0.31,0.25,0.28,0.25,0.26,0.39,0.49,0.4,0.33,0.33,0.29,0.61,0.75,0.49,0.44,0.39,0.32,0.31,0.31,0.34,0.45,0.5,0.44,0.28,0.29,0.27,0.45,0.6,0.69,0.47,0.25,0.31,0.29,0.28,0.4,0.47,0.4,0.4,0.43,0.27,0.31,0.35,0.62,0.79,0.66,0.47,0.31,0.29,0.29,0.37,0.4,0.41,0.39,0.39,0.39,0.3,0.31,0.46,0.64,0.62,0.51,0.37,0.3,0.32,0.49,0.53,0.46,0.48,0.47,0.48,0.45,0.25,0.36,0.6,0.59,0.49,0.21,0.35,0.45,0.52,0.55,0.49,0.39,0.4,0.42,0.45,0.45
giraffe,"A giraffe behind a fences reaches for the hay in the basket.",0.46,0.63,0.65,0.69,0.66,0.77,0.87,0.84,0.75,0.73,0.68,0.64,0.74,0.7,0.61,0.69,0.31,0.65,0.62,0.67,0.71,0.8,0.89,0.87,0.68,0.69,0.69,0.64,0.68,0.64,0.64,0.66,0.3,0.66,0.66,0.65,0.68,0.82,0.91,0.88,0.66,0.69,0.76,0.73,0.64,0.61,0.64,0.67,0.35,0.64,0.65,0.5,0.68,0.81,0.91,0.89,0.66,0.63,0.64,0.65,0.71,0.65,0.66,0.66,0.37,0.58,0.63,0.52,0.65,0.83,0.91,0.89,0.65,0.56,0.59,0.62,0.62,0.62,0.56,0.56,0.57,0.65,0.54,0.45,0.47,0.56,0.6,0.64,0.64,0.69,0.62,0.54,0.58,0.6,0.6,0.64,0.58,0.56,0.45,0.4,0.42,0.45,0.49,0.56,0.63,0.69,0.62,0.57,0.65,0.65,0.69,0.72,0.47,0.29,0.23,0.3,0.3,0.24,0.35,0.45,0.42,0.57,0.56,0.59,0.58,0.53,0.44,0.54,0.4,0.35,0.25,0.24,0.3,0.35,0.4,0.41,0.29,0.31,0.38,0.52,0.56,0.58,0.34,0.51,0.5,0.22,0.18,0.23,0.13,0.22,0.38,0.38,0.39,0.34,0.38,0.43,0.52,0.5,0.32,0.51,0.59,0.29,0.21,0.24,0.26,0.31,0.36,0.42,0.43,0.64,0.57,0.41,0.55,0.61,0.37,0.53,0.57,0.42,0.34,0.26,0.34,0.33,0.35,0.34,0.33,0.51,0.6,0.56,0.57,0.62,0.34,0.42,0.63,0.55,0.48,0.39,0.49,0.48,0.51,0.4,0.44,0.66,0.67,0.62,0.56,0.64,0.36,0.38,0.85,0.84,0.76,0.56,0.83,0.82,0.85,0.53,0.61,0.82,0.79,0.77,0.68,0.74,0.44,0.6,0.79,0.86,0.78,0.5,0.81,0.77,0.78,0.5,0.6,0.75,0.69,0.72,0.76,0.71,0.43,0.64,0.6,0.68,0.65,0.42,0.75,0.75,0.76,0.54,0.64,0.8,0.76,0.75,0.77,0.75,0.42,0.62
giraffe,"A small herd of giraffe standing in a plain.",0.77,0.78,0.79,0.8,0.8,0.8,0.8,0.8,0.8,0.8,0.8,0.8,0.79,0.78,0.78,0.76,0.78,0.79,0.8,0.8,0.8,0.8,0.8,0.8,0.8,0.8,0.8,0.79,0.79,0.79,0.78,0.77,0.79,0.8,0.8,0.79,0.8,0.8,0.8,0.8,0.8,0.8,0.79,0.79,0.79,0.79,0.78,0.77,0.79,0.77,0.79,0.81,0.8,0.8,0.8,0.8,0.79,0.79,0.79,0.79,0.79,0.78,0.78,0.78,0.53,0.47,0.57,0.74,0.81,0.8,0.79,0.79,0.8,0.79,0.78,0.78,0.78,0.78,0.78,0.78,0.45,0.4,0.43,0.68,0.8,0.77,0.81,0.79,0.77,0.79,0.8,0.79,0.79,0.78,0.78,0.78,0.4,0.45,0.49,0.69,0.83,0.6,0.51,0.67,0.7,0.55,0.71,0.69,0.75,0.78,0.75,0.73,0.52,0.51,0.62,0.6,0.6,0.56,0.23,0.36,0.58,0.37,0.31,0.45,0.47,0.53,0.47,0.47,0.44,0.38,0.44,0.4,0.37,0.36,0.3,0.22,0.25,0.42,0.31,0.28,0.44,0.44,0.39,0.29,0.35,0.3,0.35,0.38,0.35,0.36,0.36,0.32,0.3,0.49,0.37,0.3,0.5,0.51,0.45,0.29,0.42,0.48,0.45,0.33,0.27,0.32,0.45,0.56,0.58,0.57,0.55,0.6,0.64,0.55,0.5,0.57,0.58,0.46,0.33,0.32,0.27,0.28,0.33,0.46,0.53,0.5,0.55,0.58,0.56,0.51,0.45,0.48,0.43,0.42,0.47,0.49,0.47,0.5,0.49,0.46,0.44,0.45,0.47,0.45,0.41,0.44,0.43,0.44,0.56,0.56,0.55,0.57,0.58,0.59,0.58,0.58,0.6,0.53,0.45,0.56,0.54,0.53,0.52,0.52,0.54,0.55,0.56,0.56,0.55,0.55,0.56,0.55,0.54,0.55,0.55,0.56,0.55,0.51,0.49,0.48,0.49,0.53,0.54,0.54,0.54,0.55,0.55,0.56,0.55,0.55,0.57,0.57,0.54,0.53,0.51,0.48
giraffe,"This giraffe has two horns on the top of its head.",0.78,0.78,0.78,0.78,0.79,0.78,0.8,0.8,0.78,0.81,0.8,0.79,0.79,0.8,0.76,0.75,0.78,0.78,0.78,0.79,0.79,0.8,0.75,0.73,0.8,0.73,0.76,0.8,0.79,0.79,0.8,0.78,0.78,0.78,0.79,0.79,0.78,0.84,0.57,0.39,0.93,0.41,0.59,0.83,0.79,0.8,0.8,0.73,0.79,0.79,0.79,0.79,0.79,0.82,0.72,0.32,0.56,0.35,0.72,0.83,0.79,0.8,0.79,0.65,0.79,0.79,0.8,0.79,0.77,0.75,0.8,0.37,0.13,0.41,0.64,0.73,0.81,0.8,0.77,0.75,0.8,0.79,0.79,0.82,0.81,0.59,0.56,0.45,0.22,0.51,0.58,0.78,0.81,0.8,0.8,0.81,0.79,0.82,0.84,0.75,0.51,0.35,0.27,0.47,0.38,0.56,0.77,0.83,0.8,0.81,0.81,0.8,0.85,0.73,0.52,0.29,0.26,0.28,0.31,0.46,0.47,0.68,0.83,0.81,0.82,0.82,0.82,0.81,0.51,0.27,0.26,0.23,0.24,0.22,0.22,0.45,0.33,0.69,0.84,0.81,0.82,0.82,0.82,0.82,0.22,0.33,0.25,0.34,0.31,0.16,0.47,0.76,0.45,0.76,0.84,0.82,0.83,0.83,0.82,0.82,0.17,0.28,0.33,0.2,0.12,0.56,0.85,0.83,0.77,0.82,0.83,0.83,0.84,0.84,0.83,0.83,0.32,0.29,0.18,0.29,0.59,0.88,0.82,0.83,0.84,0.83,0.83,0.83,0.84,0.84,0.84,0.84,0.31,0.16,0.22,0.64,0.88,0.85,0.86,0.84,0.83,0.84,0.84,0.84,0.84,0.84,0.84,0.84,0.29,0.15,0.31,0.48,0.7,0.7,0.69,0.84,0.84,0.85,0.85,0.87,0.86,0.86,0.89,0.85,0.15,0.33,0.44,0.44,0.41,0.35,0.54,0.86,0.86,0.85,0.87,0.88,0.88,0.89,0.89,0.88,0.37,0.37,0.33,0.34,0.39,0.35,0.57,0.78,0.79,0.88,0.87,0.88,0.88,0.88,0.88,0.91
giraffe,"Two giraffes share a branch that they are eating",0.16,0.13,0.38,0.33,0.22,0.34,0.33,0.56,0.47,0.25,0.25,0.29,0.17,0.27,0.13,0.16,0.11,0.14,0.27,0.21,0.18,0.19,0.22,0.44,0.4,0.26,0.25,0.18,0.18,0.09,0.11,0.11,0.18,0.44,0.16,0.11,0.21,0.15,0.18,0.29,0.19,0.22,0.17,0.24,0.18,0.04,0.07,0.07,0.18,0.43,0.6,0.34,0.15,0.45,0.27,0.2,0.16,0.16,0.27,0.31,0.12,0.09,0.06,0.13,0.54,0.46,0.51,0.78,0.61,0.57,0.5,0.19,0.2,0.16,0.18,0.18,0.12,0.08,0.2,0.28,0.62,0.4,0.33,0.45,0.48,0.51,0.59,0.44,0.15,0.14,0.14,0.12,0.16,0.07,0.13,0.24,0.45,0.42,0.4,0.33,0.35,0.41,0.26,0.47,0.21,0.19,0.19,0.14,0.13,0.08,0.15,0.16,0.35,0.42,0.46,0.36,0.07,0.03,0.2,0.56,0.56,0.33,0.22,0.12,0.17,0.13,0.1,0.1,0.31,0.21,0.37,0.48,0.26,0.08,0.1,0.5,0.69,0.41,0.1,0.12,0.12,0.15,0.13,0.14,0.18,0.15,0.2,0.27,0.41,0.32,0.01,0.28,0.59,0.59,0.39,0.34,0.27,0.24,0.39,0.43,0.31,0.23,0.2,0.2,0.25,0.24,0.03,0.13,0.22,0.31,0.55,0.57,0.4,0.44,0.55,0.41,0.27,0.25,0.35,0.24,0.25,0.29,0.04,0.05,0.11,0.12,0.21,0.47,0.41,0.47,0.49,0.47,0.22,0.21,0.26,0.27,0.32,0.37,0.22,0.05,0.12,0.15,0.11,0.16,0.41,0.43,0.42,0.65,0.24,0.22,0.22,0.27,0.31,0.43,0.31,0.05,0.13,0.18,0.18,0.16,0.14,0.32,0.36,0.57,0.27,0.24,0.24,0.2,0.25,0.22,0.1,0.1,0.11,0.11,0.16,0.16,0.16,0.18,0.12,0.3,0.22,0.24,0.2,0.23,0.18,0.05,0.07,0.13,0.14,0.11,0.11,0.13,0.17,0.17,0.12,0.11
giraffe,"Two giraffe standing in a green grass covered field.",0.56,0.56,0.58,0.59,0.58,0.59,0.6,0.58,0.51,0.57,0.62,0.61,0.6,0.6,0.61,0.61,0.54,0.54,0.54,0.53,0.52,0.53,0.56,0.48,0.46,0.53,0.55,0.58,0.58,0.58,0.59,0.6,0.54,0.55,0.53,0.55,0.54,0.51,0.53,0.4,0.25,0.47,0.52,0.53,0.53,0.55,0.56,0.56,0.49,0.49,0.52,0.49,0.51,0.53,0.5,0.51,0.32,0.36,0.51,0.49,0.5,0.51,0.53,0.55,0.49,0.47,0.45,0.43,0.43,0.47,0.41,0.45,0.37,0.44,0.57,0.4,0.45,0.42,0.38,0.44,0.51,0.52,0.5,0.5,0.52,0.49,0.48,0.45,0.41,0.33,0.65,0.59,0.47,0.48,0.49,0.49,0.51,0.5,0.49,0.5,0.49,0.51,0.47,0.62,0.61,0.32,0.31,0.69,0.66,0.55,0.47,0.51,0.49,0.49,0.47,0.47,0.48,0.47,0.54,0.7,0.51,0.52,0.27,0.37,0.67,0.71,0.59,0.46,0.49,0.5,0.55,0.51,0.48,0.58,0.81,0.61,0.43,0.48,0.46,0.21,0.39,0.59,0.73,0.6,0.49,0.5,0.51,0.51,0.6,0.71,0.72,0.51,0.49,0.49,0.49,0.38,0.16,0.31,0.67,0.75,0.44,0.46,0.4,0.39,0.6,0.79,0.68,0.43,0.45,0.48,0.52,0.35,0.15,0.28,0.57,0.52,0.45,0.44,0.33,0.28,0.49,0.71,0.64,0.45,0.44,0.45,0.47,0.24,0.19,0.27,0.54,0.38,0.47,0.47,0.36,0.29,0.44,0.54,0.55,0.47,0.47,0.46,0.49,0.27,0.21,0.21,0.35,0.41,0.45,0.48,0.38,0.38,0.44,0.42,0.49,0.49,0.47,0.47,0.5,0.31,0.27,0.27,0.32,0.44,0.49,0.41,0.3,0.45,0.47,0.44,0.45,0.47,0.45,0.45,0.46,0.36,0.28,0.33,0.32,0.49,0.49,0.33,0.38,0.47,0.52,0.47,0.52,0.48,0.46,0.44,0.43,0.44,0.31,0.37,0.32,0.46
giraffe,"TWO GIRAFFES STANDING IN THE SHADE OF A TREE.",0.51,0.36,0.42,0.26,0.21,0.07,0.45,0.91,0.56,0.35,0.36,0.75,0.87,0.87,0.79,0.38,0.83,0.51,0.28,0.35,0.3,0.21,0.41,0.6,0.5,0.38,0.42,0.67,0.71,0.55,0.33,0.29,0.64,0.35,0.22,0.29,0.42,0.41,0.42,0.36,0.36,0.41,0.36,0.38,0.4,0.31,0.42,0.32,0.27,0.35,0.38,0.41,0.36,0.42,0.41,0.49,0.46,0.4,0.39,0.37,0.41,0.52,0.6,0.44,0.24,0.33,0.39,0.39,0.24,0.39,0.41,0.44,0.41,0.39,0.38,0.43,0.39,0.44,0.4,0.34,0.35,0.33,0.4,0.29,0.17,0.39,0.37,0.37,0.38,0.35,0.38,0.42,0.39,0.38,0.44,0.5,0.36,0.33,0.42,0.19,0.21,0.42,0.47,0.4,0.4,0.3,0.4,0.41,0.44,0.39,0.43,0.45,0.43,0.44,0.29,0.05,0.29,0.43,0.42,0.4,0.31,0.37,0.49,0.41,0.4,0.43,0.45,0.38,0.35,0.23,0.07,0.07,0.29,0.39,0.38,0.28,0.24,0.49,0.47,0.41,0.26,0.45,0.51,0.36,0.18,0.04,0.08,0.1,0.2,0.35,0.26,0.06,0.26,0.47,0.46,0.39,0.24,0.34,0.31,0.25,0.34,0.18,0.51,0.31,0.44,0.63,0.27,0.18,0.31,0.56,0.65,0.57,0.58,0.57,0.51,0.48,0.4,0.27,0.75,0.45,0.61,0.75,0.45,0.39,0.55,0.7,0.75,0.76,0.76,0.76,0.77,0.76,0.64,0.51,0.78,0.59,0.69,0.74,0.62,0.59,0.64,0.73,0.74,0.75,0.76,0.77,0.73,0.72,0.68,0.64,0.71,0.64,0.76,0.8,0.69,0.7,0.69,0.78,0.76,0.75,0.75,0.76,0.76,0.76,0.34,0.33,0.36,0.38,0.43,0.47,0.62,0.69,0.74,0.8,0.8,0.8,0.8,0.78,0.8,0.78,0.55,0.53,0.59,0.64,0.69,0.76,0.81,0.8,0.81,0.83,0.81,0.78,0.84,0.83,0.83,0.83
giraffe,"A giraffe stands at the edge of some trees.",0.28,0.3,0.25,0.26,0.18,0.21,0.19,0.2,0.25,0.26,0.26,0.2,0.2,0.26,0.26,0.16,0.24,0.2,0.23,0.25,0.17,0.25,0.22,0.16,0.2,0.23,0.27,0.2,0.29,0.29,0.31,0.25,0.22,0.25,0.24,0.28,0.31,0.33,0.27,0.26,0.25,0.23,0.32,0.29,0.3,0.28,0.26,0.3,0.25,0.31,0.29,0.31,0.32,0.33,0.28,0.35,0.31,0.3,0.32,0.27,0.24,0.25,0.25,0.3,0.24,0.34,0.35,0.26,0.29,0.37,0.35,0.33,0.26,0.3,0.35,0.32,0.24,0.23,0.26,0.31,0.2,0.28,0.37,0.35,0.4,0.38,0.45,0.37,0.24,0.3,0.36,0.37,0.39,0.36,0.38,0.41,0.22,0.29,0.39,0.4,0.36,0.33,0.39,0.39,0.32,0.37,0.41,0.38,0.42,0.45,0.46,0.47,0.42,0.45,0.46,0.49,0.43,0.4,0.42,0.44,0.45,0.45,0.44,0.45,0.46,0.46,0.44,0.42,0.45,0.48,0.42,0.37,0.4,0.43,0.43,0.43,0.48,0.49,0.51,0.52,0.51,0.51,0.51,0.5,0.25,0.3,0.31,0.21,0.21,0.26,0.24,0.31,0.36,0.35,0.38,0.44,0.47,0.48,0.51,0.5,0.15,0.22,0.27,0.29,0.29,0.3,0.29,0.29,0.3,0.4,0.43,0.45,0.45,0.46,0.49,0.48,0.35,0.39,0.42,0.44,0.45,0.45,0.45,0.42,0.41,0.49,0.5,0.51,0.52,0.51,0.52,0.53,0.42,0.42,0.44,0.43,0.44,0.44,0.44,0.45,0.47,0.47,0.47,0.47,0.47,0.48,0.49,0.49,0.43,0.44,0.45,0.45,0.45,0.46,0.47,0.47,0.47,0.47,0.47,0.48,0.48,0.49,0.49,0.49,0.43,0.44,0.45,0.45,0.46,0.47,0.47,0.5,0.51,0.49,0.5,0.5,0.51,0.52,0.52,0.52,0.44,0.47,0.46,0.46,0.47,0.47,0.48,0.49,0.49,0.5,0.5,0.49,0.51,0.51,0.51,0.51
giraffe,"Three giraffes standing up in a field eating leaves off of trees.",0.16,0.19,0.23,0.21,0.22,0.24,0.65,0.67,0.45,0.27,0.25,0.51,0.45,0.12,0.11,0.11,0.11,0.15,0.14,0.17,0.35,0.58,0.64,0.56,0.3,0.34,0.28,0.23,0.13,0.11,0.12,0.13,0.12,0.11,0.14,0.09,0.41,0.45,0.33,0.36,0.23,0.4,0.35,0.2,0.14,0.11,0.12,0.09,0.16,0.16,0.19,0.2,0.4,0.16,0.31,0.38,0.24,0.23,0.15,0.11,0.11,0.09,0.07,0.07,0.14,0.15,0.15,0.27,0.42,0.15,0.29,0.45,0.19,0.16,0.16,0.16,0.13,0.09,0.08,0.07,0.15,0.16,0.15,0.42,0.4,0.11,0.2,0.47,0.42,0.22,0.09,0.11,0.09,0.08,0.07,0.07,0.14,0.14,0.29,0.59,0.3,0.07,0.11,0.34,0.43,0.48,0.24,0.08,0.09,0.08,0.07,0.08,0.11,0.23,0.53,0.58,0.38,0.13,0.08,0.27,0.46,0.57,0.6,0.42,0.15,0.1,0.09,0.07,0.15,0.44,0.48,0.56,0.49,0.13,0.11,0.4,0.45,0.49,0.52,0.58,0.45,0.13,0.07,0.06,0.18,0.45,0.46,0.52,0.4,0.08,0.11,0.35,0.47,0.41,0.58,0.6,0.39,0.2,0.11,0.17,0.24,0.46,0.49,0.43,0.33,0.29,0.32,0.4,0.48,0.34,0.57,0.56,0.43,0.36,0.39,0.45,0.5,0.48,0.5,0.49,0.53,0.54,0.56,0.57,0.55,0.47,0.57,0.6,0.51,0.47,0.47,0.45,0.46,0.49,0.46,0.54,0.53,0.52,0.42,0.48,0.58,0.57,0.55,0.63,0.48,0.42,0.5,0.47,0.44,0.5,0.41,0.4,0.42,0.42,0.31,0.36,0.48,0.44,0.48,0.51,0.36,0.28,0.32,0.39,0.39,0.49,0.49,0.42,0.38,0.27,0.31,0.38,0.37,0.35,0.45,0.41,0.31,0.29,0.32,0.28,0.38,0.51,0.49,0.44,0.45,0.41,0.4,0.49,0.49,0.45,0.5,0.36,0.41,0.43,0.44,0.44
giraffe,"a close up of a giraffes head with a wooden wall in the background",0.33,0.27,0.26,0.28,0.29,0.3,0.35,0.25,0.27,0.27,0.25,0.25,0.27,0.44,0.22,0.27,0.36,0.26,0.25,0.29,0.29,0.29,0.34,0.26,0.25,0.42,0.39,0.21,0.28,0.47,0.21,0.27,0.35,0.25,0.3,0.33,0.3,0.29,0.34,0.22,0.18,0.55,0.53,0.2,0.29,0.44,0.21,0.27,0.35,0.24,0.3,0.35,0.32,0.27,0.33,0.27,0.45,0.79,0.6,0.18,0.25,0.44,0.21,0.27,0.32,0.28,0.28,0.25,0.2,0.27,0.68,0.9,0.83,0.8,0.7,0.39,0.34,0.51,0.22,0.27,0.24,0.16,0.15,0.24,0.5,0.76,0.87,0.79,0.8,0.89,0.73,0.54,0.45,0.46,0.26,0.31,0.33,0.19,0.34,0.67,0.66,0.88,0.85,0.56,0.56,0.68,0.71,0.38,0.41,0.49,0.22,0.21,0.39,0.62,0.73,0.75,0.64,0.69,0.91,0.81,0.65,0.49,0.28,0.38,0.58,0.46,0.21,0.24,0.68,0.65,0.76,0.73,0.5,0.58,0.84,0.6,0.62,0.74,0.54,0.55,0.61,0.57,0.28,0.28,0.76,0.51,0.89,0.53,0.25,0.82,0.62,0.51,0.56,0.77,0.88,0.85,0.66,0.64,0.48,0.26,0.8,0.75,0.69,0.68,0.6,0.57,0.33,0.3,0.49,0.6,0.64,0.75,0.81,0.79,0.62,0.46,0.83,0.61,0.34,0.69,0.35,0.23,0.3,0.3,0.46,0.35,0.36,0.4,0.57,0.82,0.64,0.58,0.78,0.64,0.28,0.37,0.29,0.33,0.33,0.34,0.46,0.27,0.25,0.29,0.33,0.51,0.47,0.53,0.55,0.69,0.24,0.14,0.2,0.22,0.24,0.28,0.28,0.27,0.27,0.29,0.31,0.42,0.23,0.25,0.35,0.31,0.21,0.22,0.24,0.29,0.28,0.2,0.34,0.24,0.22,0.22,0.28,0.48,0.2,0.15,0.32,0.29,0.31,0.31,0.38,0.39,0.4,0.35,0.47,0.37,0.3,0.35,0.28,0.45,0.25,0.29
giraffe,"A man is offering leaves to four giraffes.",0.1,0.21,0.19,0.12,0.14,0.17,0.12,0.3,0.28,0.42,0.51,0.3,0.7,0.88,0.42,0.41,0.16,0.23,0.18,0.15,0.18,0.15,0.23,0.42,0.37,0.23,0.23,0.3,0.53,0.89,0.59,0.48,0.37,0.36,0.24,0.19,0.22,0.31,0.49,0.46,0.6,0.39,0.33,0.39,0.65,0.55,0.43,0.39,0.77,0.51,0.37,0.51,0.43,0.19,0.36,0.47,0.45,0.48,0.39,0.48,0.53,0.49,0.52,0.53,0.68,0.35,0.51,0.84,0.43,0.11,0.25,0.48,0.51,0.53,0.6,0.44,0.54,0.58,0.49,0.52,0.21,0.21,0.44,0.56,0.4,0.14,0.2,0.45,0.5,0.48,0.74,0.67,0.55,0.74,0.81,0.83,0.29,0.26,0.25,0.23,0.3,0.13,0.26,0.4,0.39,0.4,0.57,0.6,0.44,0.62,0.88,0.93,0.22,0.21,0.3,0.23,0.18,0.11,0.31,0.39,0.27,0.26,0.45,0.34,0.33,0.46,0.32,0.43,0.27,0.21,0.21,0.24,0.13,0.15,0.39,0.38,0.19,0.23,0.41,0.27,0.33,0.49,0.3,0.41,0.39,0.27,0.24,0.36,0.16,0.25,0.45,0.53,0.31,0.12,0.32,0.28,0.39,0.38,0.31,0.36,0.42,0.29,0.43,0.25,0.27,0.42,0.4,0.4,0.29,0.13,0.14,0.2,0.37,0.47,0.34,0.32,0.25,0.25,0.29,0.22,0.32,0.38,0.45,0.23,0.18,0.18,0.17,0.21,0.47,0.61,0.45,0.38,0.2,0.26,0.14,0.26,0.33,0.36,0.41,0.23,0.26,0.39,0.2,0.28,0.5,0.46,0.55,0.41,0.31,0.09,0.2,0.36,0.36,0.36,0.39,0.19,0.22,0.31,0.3,0.29,0.5,0.56,0.4,0.32,0.39,0.34,0.48,0.38,0.34,0.32,0.38,0.21,0.17,0.12,0.22,0.34,0.42,0.36,0.18,0.21,0.45,0.79,0.93,0.68,0.54,0.33,0.39,0.22,0.2,0.11,0.13,0.26,0.33,0.36,0.25,0.21
giraffe,"A group of children feeding two giraffes at a zoo.",0.49,0.52,0.55,0.56,0.63,0.64,0.8,0.76,0.49,0.44,0.34,0.31,0.29,0.23,0.32,0.38,0.46,0.5,0.49,0.56,0.55,0.5,0.76,0.92,0.55,0.29,0.29,0.23,0.19,0.24,0.35,0.36,0.64,0.55,0.5,0.59,0.54,0.48,0.63,0.77,0.59,0.32,0.2,0.18,0.2,0.28,0.38,0.5,0.42,0.39,0.42,0.48,0.45,0.44,0.5,0.55,0.45,0.34,0.22,0.2,0.25,0.35,0.4,0.49,0.41,0.42,0.38,0.59,0.58,0.54,0.49,0.46,0.51,0.32,0.21,0.41,0.46,0.42,0.38,0.51,0.52,0.64,0.45,0.53,0.45,0.39,0.41,0.41,0.45,0.32,0.31,0.49,0.5,0.52,0.4,0.46,0.33,0.42,0.42,0.33,0.31,0.38,0.53,0.57,0.53,0.36,0.38,0.37,0.45,0.42,0.33,0.42,0.32,0.27,0.24,0.25,0.29,0.38,0.53,0.41,0.35,0.53,0.64,0.55,0.55,0.46,0.41,0.56,0.23,0.24,0.24,0.3,0.4,0.41,0.41,0.57,0.48,0.38,0.57,0.78,0.54,0.4,0.37,0.55,0.26,0.29,0.3,0.37,0.37,0.56,0.6,0.64,0.66,0.58,0.57,0.74,0.66,0.49,0.42,0.53,0.34,0.41,0.59,0.67,0.55,0.52,0.47,0.74,0.79,0.82,0.78,0.76,0.84,0.62,0.56,0.58,0.61,0.69,0.83,0.75,0.55,0.35,0.56,0.79,0.82,0.8,0.78,0.78,0.68,0.48,0.31,0.25,0.55,0.74,0.71,0.64,0.65,0.64,0.75,0.8,0.85,0.8,0.76,0.69,0.47,0.5,0.49,0.37,0.43,0.35,0.49,0.65,0.75,0.79,0.79,0.8,0.86,0.83,0.79,0.65,0.56,0.43,0.58,0.65,0.37,0.25,0.67,0.79,0.75,0.76,0.78,0.78,0.8,0.82,0.85,0.71,0.57,0.4,0.47,0.34,0.44,0.27,0.61,0.71,0.68,0.71,0.76,0.78,0.76,0.65,0.62,0.46,0.33,0.29,0.32,0.32
giraffe,"The heads of two giraffes sticking out of a building looking around.",0.93,0.53,0.05,0.82,0.99,0.42,0.87,0.51,0.16,0.47,0.35,0.36,0.38,0.33,0.01,0.1,0.91,0.53,0.05,0.81,0.99,0.42,0.87,0.51,0.16,0.47,0.35,0.36,0.39,0.42,0.11,0.01,0.91,0.52,0.03,0.8,0.98,0.41,0.87,0.53,0.16,0.51,0.26,0.29,0.3,0.41,0.3,0.0,0.94,0.51,0.0,0.8,0.98,0.4,0.86,0.55,0.16,0.58,0.36,0.27,0.39,0.4,0.38,0.11,0.87,0.49,0.01,0.79,1.0,0.41,0.83,0.56,0.15,0.42,0.37,0.33,0.48,0.36,0.29,0.24,0.86,0.51,0.0,0.8,0.98,0.39,0.86,0.57,0.09,0.24,0.4,0.39,0.46,0.28,0.28,0.24,0.85,0.53,0.13,0.72,0.58,0.27,0.53,0.22,0.08,0.16,0.18,0.16,0.3,0.41,0.24,0.22,0.89,0.56,0.31,0.64,0.44,0.26,0.14,0.22,0.36,0.18,0.07,0.28,0.56,0.39,0.33,0.3,0.51,0.55,0.31,0.4,0.38,0.47,0.37,0.23,0.32,0.11,0.29,0.27,0.27,0.4,0.21,0.33,0.29,0.28,0.29,0.38,0.59,0.69,0.35,0.22,0.36,0.03,0.2,0.18,0.15,0.38,0.13,0.15,0.24,0.28,0.43,0.56,0.45,0.56,0.56,0.46,0.29,0.33,0.36,0.33,0.25,0.25,0.18,0.13,0.53,0.39,0.53,0.56,0.72,0.61,0.42,0.52,0.22,0.45,0.4,0.35,0.38,0.37,0.38,0.28,0.45,0.44,0.44,0.52,0.64,0.6,0.45,0.51,0.12,0.41,0.4,0.34,0.35,0.36,0.39,0.31,0.36,0.52,0.6,0.68,0.58,0.51,0.76,0.61,0.09,0.33,0.42,0.34,0.36,0.36,0.39,0.32,0.38,0.31,0.48,0.48,0.52,0.42,0.74,0.64,0.08,0.3,0.42,0.34,0.35,0.36,0.38,0.33,0.92,0.51,0.02,0.12,0.55,0.29,0.7,0.66,0.07,0.29,0.42,0.34,0.36,0.36,0.38,0.33
bus,"An empty bus has tartan seats; and a wooden floor.",0.39,0.38,0.36,0.33,0.51,0.49,0.64,0.67,0.54,0.27,0.27,0.26,0.29,0.33,0.32,0.35,0.76,0.58,0.41,0.53,0.59,0.5,0.53,0.57,0.48,0.41,0.42,0.36,0.42,0.42,0.68,0.51,0.7,0.36,0.46,0.76,0.65,0.49,0.44,0.42,0.47,0.5,0.56,0.56,0.51,0.3,0.54,0.66,0.72,0.65,0.78,0.8,0.63,0.53,0.56,0.64,0.63,0.65,0.68,0.67,0.6,0.5,0.62,0.77,0.68,0.65,0.89,0.91,0.68,0.85,0.88,0.91,0.66,0.57,0.73,0.75,0.72,0.6,0.77,0.73,0.42,0.39,0.48,0.63,0.37,0.43,0.42,0.24,0.12,0.25,0.37,0.44,0.58,0.48,0.56,0.45,0.47,0.33,0.27,0.28,0.24,0.24,0.1,0.0,0.03,0.16,0.15,0.2,0.35,0.34,0.44,0.27,0.12,0.11,0.12,0.15,0.15,0.13,0.15,0.18,0.11,0.09,0.15,0.22,0.16,0.11,0.16,0.13,0.11,0.15,0.16,0.14,0.15,0.07,0.11,0.25,0.29,0.07,0.03,0.23,0.2,0.2,0.17,0.16,0.04,0.05,0.04,0.04,0.05,0.08,0.15,0.48,0.39,0.09,0.07,0.05,0.03,0.02,0.04,0.04,0.0,0.0,0.02,0.02,0.0,0.02,0.27,0.55,0.35,0.2,0.06,0.0,0.08,0.11,0.03,0.0,0.09,0.15,0.22,0.18,0.01,0.0,0.15,0.18,0.13,0.12,0.03,0.01,0.12,0.34,0.31,0.23,0.16,0.18,0.19,0.12,0.05,0.05,0.1,0.12,0.11,0.09,0.11,0.07,0.02,0.15,0.31,0.26,0.16,0.16,0.14,0.04,0.05,0.07,0.08,0.09,0.07,0.05,0.05,0.02,0.0,0.03,0.19,0.24,0.13,0.13,0.09,0.02,0.05,0.07,0.06,0.12,0.11,0.05,0.07,0.03,0.0,0.01,0.05,0.17,0.09,0.09,0.04,0.04,0.1,0.08,0.05,0.09,0.09,0.05,0.05,0.07,0.02,0.0,0.02,0.05
bus,"A purple and white city bus pulling up to the curb",0.99,0.99,0.99,1.0,1.0,1.0,1.0,1.0,1.0,1.0,1.0,1.0,1.0,0.99,0.98,0.98,1.0,1.0,1.0,1.0,1.0,1.0,1.0,1.0,1.0,1.0,1.0,1.0,1.0,1.0,0.99,0.99,1.0,0.99,1.0,1.0,1.0,1.0,1.0,1.0,1.0,1.0,1.0,1.0,1.0,1.0,1.0,1.0,0.99,1.0,1.0,1.0,1.0,1.0,1.0,1.0,1.0,1.0,1.0,1.0,1.0,1.0,1.0,1.0,0.48,0.55,0.86,1.0,0.99,1.0,1.0,1.0,1.0,1.0,1.0,1.0,1.0,1.0,1.0,0.98,0.52,0.58,0.7,0.96,1.0,1.0,0.98,0.98,1.0,0.99,0.99,1.0,0.88,0.88,0.81,0.78,0.4,0.64,0.86,0.97,0.99,0.91,0.89,0.83,0.76,0.93,0.89,0.83,0.55,0.85,0.76,0.8,0.35,0.7,0.74,0.38,0.44,0.56,0.45,0.36,0.34,0.28,0.33,0.3,0.51,0.85,0.77,0.82,0.26,0.44,0.58,0.43,0.22,0.2,0.15,0.26,0.33,0.06,0.37,0.38,0.37,0.8,0.6,0.75,0.24,0.39,0.51,0.25,0.26,0.32,0.41,0.3,0.27,0.14,0.28,0.21,0.23,0.36,0.49,0.82,0.38,0.66,0.63,0.24,0.21,0.37,0.25,0.19,0.12,0.19,0.41,0.63,0.64,0.55,0.49,0.6,0.62,0.77,0.58,0.31,0.36,0.22,0.28,0.24,0.21,0.16,0.21,0.46,0.51,0.37,0.29,0.13,0.64,0.68,0.56,0.44,0.36,0.27,0.22,0.44,0.55,0.3,0.06,0.09,0.05,0.26,0.19,0.09,0.63,0.65,0.51,0.54,0.55,0.55,0.48,0.39,0.33,0.29,0.18,0.29,0.07,0.15,0.26,0.2,0.58,0.62,0.53,0.53,0.55,0.55,0.56,0.58,0.56,0.6,0.49,0.33,0.22,0.16,0.18,0.31,0.59,0.54,0.43,0.56,0.55,0.55,0.56,0.56,0.54,0.67,0.58,0.51,0.5,0.46,0.39,0.32
bus,"A large bus and other vehicles on a busy street.",0.97,0.97,0.98,0.98,0.99,0.94,0.91,0.91,0.94,0.88,0.89,0.9,0.87,0.85,0.87,0.82,1.0,1.0,1.0,1.0,1.0,0.96,0.94,0.97,0.99,0.97,0.96,0.96,1.0,1.0,0.94,0.94,0.7,0.77,0.8,0.82,0.83,0.81,0.91,1.0,0.99,1.0,1.0,1.0,0.76,0.85,0.99,0.93,0.48,0.62,0.59,0.35,0.37,0.34,0.47,1.0,1.0,1.0,1.0,0.86,0.71,0.55,0.58,0.51,0.73,0.71,0.8,0.6,0.4,0.46,0.51,0.62,0.62,0.64,0.7,0.73,0.62,0.43,0.54,0.4,0.62,0.67,0.4,0.44,0.38,0.45,0.61,0.58,0.56,0.43,0.61,0.73,0.45,0.29,0.31,0.35,0.45,0.8,0.36,0.29,0.27,0.28,0.31,0.37,0.36,0.38,0.4,0.53,0.49,0.29,0.44,0.26,0.43,0.43,0.45,0.56,0.48,0.49,0.38,0.38,0.35,0.34,0.46,0.5,0.65,0.45,0.41,0.25,0.36,0.5,0.69,0.73,0.41,0.64,0.67,0.54,0.45,0.51,0.51,0.35,0.7,0.28,0.14,0.17,0.46,0.71,0.69,0.56,0.17,0.37,0.48,0.39,0.45,0.47,0.25,0.22,0.56,0.27,0.16,0.13,0.45,0.59,0.64,0.4,0.25,0.36,0.27,0.28,0.39,0.35,0.32,0.36,0.39,0.29,0.17,0.14,0.51,0.58,0.43,0.35,0.45,0.57,0.56,0.53,0.51,0.49,0.47,0.47,0.47,0.27,0.14,0.16,0.24,0.23,0.16,0.22,0.23,0.32,0.41,0.39,0.42,0.43,0.42,0.4,0.53,0.34,0.08,0.15,0.18,0.2,0.19,0.29,0.25,0.34,0.41,0.42,0.43,0.43,0.4,0.42,0.43,0.34,0.2,0.27,0.18,0.25,0.23,0.23,0.18,0.4,0.49,0.49,0.49,0.51,0.64,0.54,0.54,0.55,0.49,0.48,0.13,0.22,0.22,0.12,0.13,0.29,0.35,0.38,0.38,0.59,0.58,0.4,0.42,0.38,0.36,0.39
bus,"A bus that is sitting in front of a building.",0.65,0.66,0.66,0.66,0.66,0.66,0.7,0.72,0.75,0.78,0.8,0.85,0.86,0.93,1.0,1.0,0.65,0.67,0.68,0.66,0.67,0.69,0.7,0.71,0.74,0.8,0.82,0.82,0.9,0.99,0.99,0.97,0.65,0.66,0.69,0.69,0.73,0.73,0.74,0.75,0.77,0.83,0.79,0.8,0.91,0.98,0.92,0.83,0.66,0.69,0.69,0.71,0.71,0.71,0.72,0.72,0.73,0.73,0.73,0.82,0.95,0.93,0.79,0.71,0.66,0.62,0.61,0.66,0.72,0.7,0.69,0.7,0.72,0.76,0.86,0.92,0.93,0.87,0.78,0.71,0.4,0.47,0.49,0.51,0.67,0.65,0.67,0.68,0.74,0.79,0.81,0.83,0.8,0.8,0.79,0.77,0.29,0.28,0.3,0.31,0.6,0.63,0.6,0.6,0.62,0.67,0.69,0.59,0.57,0.66,0.69,0.72,0.27,0.31,0.22,0.21,0.36,0.56,0.64,0.64,0.65,0.65,0.75,0.47,0.25,0.31,0.32,0.33,0.2,0.2,0.17,0.24,0.18,0.25,0.54,0.55,0.52,0.64,0.64,0.33,0.19,0.2,0.2,0.22,0.25,0.24,0.17,0.2,0.25,0.17,0.14,0.17,0.18,0.19,0.17,0.15,0.17,0.12,0.13,0.15,0.24,0.21,0.24,0.31,0.27,0.15,0.21,0.18,0.21,0.25,0.12,0.03,0.07,0.13,0.11,0.15,0.22,0.38,0.38,0.34,0.19,0.13,0.05,0.01,0.13,0.18,0.08,0.02,0.07,0.11,0.1,0.12,0.14,0.42,0.39,0.12,0.16,0.27,0.14,0.16,0.2,0.2,0.13,0.1,0.06,0.02,0.11,0.12,0.18,0.11,0.15,0.27,0.31,0.32,0.31,0.3,0.29,0.31,0.31,0.26,0.24,0.25,0.29,0.33,0.27,0.29,0.28,0.27,0.28,0.28,0.26,0.26,0.25,0.24,0.24,0.26,0.27,0.27,0.27,0.27,0.22,0.23,0.23,0.23,0.23,0.24,0.24,0.23,0.24,0.22,0.21,0.22,0.27,0.29,0.33,0.34
bus,"A passenger bus that is leaning to the right.",0.62,0.33,0.21,0.24,0.33,0.39,0.37,0.36,0.35,0.29,0.26,0.27,0.28,0.82,0.95,0.94,0.57,0.27,0.21,0.23,0.32,0.38,0.38,0.39,0.39,0.4,0.27,0.24,0.24,0.8,1.0,0.95,0.6,0.25,0.22,0.2,0.29,0.36,0.36,0.39,0.44,0.52,0.28,0.22,0.25,0.68,0.69,0.66,0.62,0.48,0.45,0.42,0.42,0.41,0.4,0.4,0.42,0.45,0.25,0.2,0.23,0.56,0.55,0.59,0.57,0.47,0.49,0.49,0.49,0.47,0.49,0.47,0.48,0.47,0.46,0.44,0.42,0.55,0.51,0.47,0.6,0.45,0.44,0.46,0.47,0.56,0.51,0.51,0.5,0.48,0.49,0.49,0.51,0.56,0.37,0.47,0.62,0.64,0.63,0.59,0.62,0.65,0.55,0.65,0.59,0.51,0.53,0.47,0.62,0.59,0.47,0.51,0.44,0.37,0.4,0.51,0.55,0.55,0.52,0.6,0.64,0.64,0.63,0.64,0.73,0.52,0.31,0.35,0.28,0.19,0.18,0.28,0.33,0.39,0.29,0.32,0.42,0.45,0.38,0.31,0.47,0.35,0.17,0.14,0.2,0.24,0.24,0.19,0.22,0.31,0.34,0.35,0.25,0.22,0.22,0.19,0.3,0.4,0.3,0.15,0.36,0.36,0.33,0.36,0.34,0.29,0.27,0.27,0.25,0.22,0.25,0.24,0.23,0.24,0.16,0.15,0.18,0.24,0.23,0.32,0.35,0.34,0.37,0.38,0.37,0.33,0.29,0.28,0.34,0.39,0.34,0.31,0.05,0.06,0.07,0.0,0.02,0.04,0.04,0.05,0.07,0.1,0.11,0.17,0.34,0.46,0.47,0.46,0.16,0.1,0.22,0.22,0.09,0.13,0.15,0.17,0.2,0.23,0.27,0.3,0.34,0.42,0.46,0.47,0.24,0.19,0.29,0.61,0.39,0.22,0.26,0.27,0.28,0.29,0.33,0.33,0.35,0.38,0.4,0.44,0.29,0.27,0.24,0.45,0.65,0.39,0.25,0.28,0.29,0.3,0.31,0.32,0.33,0.33,0.37,0.44
bus,"A woman holding an umbrella and walking beside a bus.",0.82,0.83,0.88,0.78,0.78,0.76,0.74,0.75,0.73,0.42,0.22,0.28,0.25,0.22,0.24,0.16,0.34,0.42,0.58,0.48,0.4,0.51,0.5,0.46,0.49,0.45,0.24,0.18,0.21,0.19,0.15,0.14,0.59,0.61,0.62,0.23,0.15,0.35,0.73,0.67,0.7,0.69,0.68,0.67,0.65,0.67,0.34,0.38,0.64,0.55,0.55,0.39,0.31,0.37,0.77,0.74,0.76,0.77,0.71,0.69,0.67,0.67,0.64,0.47,0.52,0.04,0.38,0.53,0.64,0.48,0.53,0.76,0.7,0.71,0.65,0.59,0.6,0.66,0.65,0.53,0.25,0.0,0.38,0.4,0.54,0.35,0.33,0.83,0.71,0.7,0.63,0.57,0.58,0.67,0.69,0.34,0.09,0.04,0.31,0.43,0.27,0.22,0.24,0.74,0.76,0.73,0.68,0.62,0.62,0.75,0.69,0.36,0.04,0.13,0.44,0.65,0.44,0.47,0.57,0.57,0.56,0.59,0.58,0.49,0.58,0.72,0.68,0.64,0.04,0.17,0.5,0.77,0.72,0.83,0.67,0.65,0.69,0.65,0.62,0.56,0.61,0.56,0.61,0.55,0.04,0.11,0.47,0.76,0.76,0.85,0.8,0.79,0.77,0.72,0.73,0.56,0.43,0.55,0.7,0.66,0.34,0.22,0.55,0.61,0.68,0.78,0.72,0.77,0.8,0.78,0.8,0.64,0.56,0.72,0.73,0.74,0.4,0.32,0.22,0.34,0.16,0.37,0.2,0.2,0.36,0.5,0.58,0.58,0.53,0.33,0.27,0.32,0.18,0.2,0.06,0.27,0.09,0.27,0.17,0.03,0.1,0.13,0.09,0.13,0.27,0.31,0.16,0.2,0.15,0.15,0.11,0.32,0.23,0.39,0.24,0.11,0.15,0.13,0.11,0.08,0.07,0.11,0.09,0.09,0.18,0.17,0.12,0.33,0.31,0.24,0.31,0.17,0.19,0.19,0.18,0.16,0.07,0.06,0.08,0.05,0.19,0.19,0.18,0.25,0.28,0.26,0.26,0.25,0.29,0.31,0.31,0.27,0.24,0.16,0.11,0.09
bus,"Many people are waiting for a bus at the bus terminal.",0.35,0.05,0.1,0.22,0.24,0.89,0.97,0.91,0.99,0.5,0.17,0.22,0.24,0.68,0.95,0.88,0.85,0.62,0.33,0.16,0.25,0.49,0.84,0.92,0.89,0.84,0.4,0.24,0.34,0.69,0.96,0.96,0.78,0.81,0.8,0.41,0.29,0.36,0.48,0.69,0.89,0.97,0.96,0.48,0.49,0.71,0.93,0.86,0.45,0.63,0.72,0.6,0.31,0.5,0.2,0.24,0.49,0.53,0.51,0.37,0.27,0.34,0.39,0.36,0.49,0.66,0.58,0.41,0.19,0.33,0.46,0.51,0.36,0.21,0.25,0.7,0.62,0.22,0.51,0.83,0.47,0.44,0.48,0.34,0.33,0.41,0.43,0.55,0.45,0.47,0.49,0.61,0.58,0.42,0.5,0.64,0.44,0.46,0.49,0.42,0.36,0.62,0.55,0.43,0.49,0.26,0.49,0.56,0.55,0.75,0.77,0.69,0.37,0.45,0.64,0.5,0.35,0.27,0.4,0.6,0.58,0.36,0.56,0.62,0.69,0.69,0.8,0.78,0.15,0.33,0.54,0.39,0.37,0.07,0.18,0.53,0.35,0.22,0.44,0.51,0.79,0.68,0.55,0.54,0.22,0.21,0.27,0.21,0.13,0.08,0.15,0.28,0.11,0.14,0.18,0.27,0.42,0.49,0.34,0.24,0.18,0.13,0.27,0.21,0.11,0.09,0.13,0.24,0.13,0.29,0.31,0.45,0.67,0.72,0.69,0.73,0.13,0.13,0.31,0.33,0.18,0.18,0.2,0.35,0.27,0.42,0.21,0.19,0.8,0.82,0.85,0.84,0.25,0.24,0.29,0.23,0.23,0.25,0.23,0.18,0.33,0.51,0.27,0.13,0.75,0.75,0.78,0.81,0.25,0.25,0.21,0.13,0.15,0.12,0.1,0.32,0.51,0.5,0.38,0.44,0.77,0.69,0.68,0.69,0.11,0.1,0.09,0.08,0.05,0.1,0.35,0.45,0.46,0.55,0.49,0.5,0.75,0.72,0.57,0.65,0.08,0.07,0.04,0.04,0.11,0.35,0.38,0.41,0.57,0.65,0.54,0.46,0.74,0.69,0.53,0.72
bus,"A group of people in blue jackets boarding a long white bus.",0.94,0.96,0.97,0.96,1.0,0.98,0.89,0.84,0.82,0.79,0.73,0.87,1.0,1.0,1.0,1.0,0.92,0.94,0.95,0.99,0.62,0.33,0.38,0.27,0.22,0.28,0.39,0.34,0.71,0.97,1.0,1.0,0.88,0.89,0.92,0.85,0.29,0.33,0.42,0.0,0.0,0.04,0.14,0.14,0.75,0.96,1.0,1.0,0.8,0.77,0.78,0.42,0.34,0.28,0.46,0.47,0.15,0.0,0.0,0.09,0.78,0.91,0.99,1.0,0.75,0.67,0.63,0.26,0.05,0.45,0.69,0.59,0.31,0.48,0.22,0.18,0.87,0.73,0.89,1.0,0.71,0.65,0.49,0.41,0.37,0.4,0.37,0.2,0.31,0.26,0.21,0.28,0.47,0.78,0.94,0.99,0.68,0.62,0.45,0.42,0.29,0.3,0.58,0.36,0.27,0.11,0.31,0.43,0.36,0.69,0.86,0.94,0.63,0.57,0.38,0.29,0.31,0.28,0.34,0.26,0.05,0.21,0.22,0.44,0.42,0.51,0.5,1.0,0.58,0.48,0.22,0.22,0.29,0.29,0.28,0.28,0.27,0.3,0.26,0.46,0.29,0.22,0.29,0.83,0.52,0.42,0.38,0.11,0.04,0.07,0.1,0.13,0.15,0.17,0.33,0.57,0.25,0.2,0.36,0.62,0.52,0.43,0.38,0.54,0.5,0.47,0.39,0.35,0.33,0.42,0.66,0.73,0.08,0.29,0.27,0.33,0.33,0.2,0.33,0.27,0.22,0.27,0.38,0.46,0.48,0.36,0.43,0.64,0.05,0.27,0.25,0.35,0.01,0.0,0.4,0.68,0.3,0.0,0.0,0.09,0.2,0.15,0.66,0.68,0.03,0.0,0.22,0.53,0.13,0.13,0.04,0.06,0.09,0.01,0.01,0.57,0.82,0.84,0.98,0.61,0.02,0.03,0.18,0.49,0.17,0.15,0.13,0.09,0.04,0.04,0.02,0.04,0.07,0.12,0.2,0.13,0.05,0.13,0.22,0.41,0.16,0.15,0.15,0.16,0.1,0.07,0.09,0.08,0.05,0.03,0.0,0.06,0.13,0.2,0.28,0.35
bus,"The library bus has many colorful books painted on it.",0.35,0.43,0.45,0.45,0.5,0.52,0.52,0.53,0.53,0.55,0.65,0.67,0.67,0.62,0.65,0.53,0.32,0.29,0.49,0.52,0.51,0.53,0.53,0.53,0.6,0.65,0.63,0.65,0.65,0.6,0.57,0.57,0.3,0.37,0.47,0.46,0.47,0.49,0.49,0.49,0.51,0.59,0.62,0.62,0.64,0.71,0.61,0.54,0.36,0.46,0.41,0.34,0.32,0.31,0.35,0.35,0.35,0.43,0.47,0.52,0.46,0.41,0.44,0.35,0.33,0.46,0.4,0.43,0.41,0.3,0.31,0.3,0.31,0.34,0.35,0.46,0.42,0.42,0.53,0.37,0.22,0.31,0.36,0.33,0.31,0.33,0.42,0.37,0.36,0.37,0.5,0.44,0.45,0.56,0.41,0.22,0.36,0.25,0.33,0.33,0.29,0.27,0.33,0.3,0.3,0.37,0.62,0.4,0.39,0.58,0.3,0.2,0.51,0.35,0.24,0.2,0.12,0.17,0.23,0.32,0.29,0.31,0.32,0.38,0.44,0.53,0.31,0.27,0.79,0.49,0.23,0.26,0.32,0.41,0.45,0.58,0.56,0.48,0.47,0.48,0.51,0.58,0.48,0.33,0.81,0.67,0.47,0.53,0.38,0.24,0.37,0.38,0.36,0.35,0.32,0.2,0.43,0.48,0.51,0.45,0.67,0.65,0.42,0.33,0.33,0.36,0.42,0.48,0.52,0.56,0.62,0.69,0.69,0.71,0.73,0.66,0.7,0.69,0.7,0.73,0.76,0.76,0.75,0.76,0.75,0.74,0.73,0.71,0.72,0.72,0.7,0.63,0.67,0.68,0.74,0.7,0.66,0.65,0.65,0.66,0.65,0.65,0.65,0.65,0.67,0.66,0.66,0.61,0.67,0.67,0.71,0.75,0.71,0.68,0.7,0.69,0.67,0.67,0.68,0.65,0.63,0.63,0.67,0.62,0.65,0.65,0.65,0.66,0.67,0.69,0.67,0.67,0.69,0.69,0.7,0.7,0.69,0.67,0.66,0.65,0.66,0.67,0.67,0.67,0.67,0.66,0.67,0.67,0.67,0.67,0.67,0.6,0.56,0.61,0.58,0.55
bus,"A double decker bus driving down a city street.",0.2,0.19,0.24,0.33,0.23,0.32,0.29,0.32,0.37,0.58,0.99,1.0,1.0,1.0,1.0,1.0,0.15,0.22,0.21,0.25,0.13,0.22,0.27,0.26,0.29,0.4,0.78,0.94,1.0,1.0,1.0,1.0,0.13,0.2,0.25,0.32,0.33,0.34,0.36,0.15,0.3,0.5,0.44,0.56,0.99,1.0,1.0,0.88,0.24,0.28,0.2,0.27,0.22,0.18,0.24,0.09,0.33,0.44,0.48,0.52,0.96,0.91,0.65,0.71,0.29,0.33,0.31,0.27,0.12,0.16,0.31,0.21,0.34,0.34,0.58,0.7,1.0,0.96,0.69,0.99,0.26,0.64,0.76,0.33,0.2,0.31,0.54,0.5,0.55,0.6,0.66,0.48,0.71,0.88,0.8,0.66,0.75,0.55,0.58,0.38,0.48,0.6,0.59,0.48,0.53,0.51,0.65,0.6,0.53,0.54,0.46,0.35,0.72,0.4,0.43,0.42,0.44,0.36,0.24,0.15,0.04,0.15,0.69,0.56,0.57,0.64,0.44,0.29,0.24,0.27,0.57,0.48,0.13,0.0,0.07,0.15,0.21,0.45,0.53,0.25,0.25,0.31,0.57,0.42,0.2,0.08,0.36,0.58,0.39,0.51,0.78,0.75,0.8,0.91,0.41,0.16,0.18,0.11,0.56,0.57,0.27,0.29,0.28,0.42,0.69,0.82,0.68,0.49,0.45,0.43,0.41,0.37,0.2,0.15,0.41,0.55,0.27,0.1,0.08,0.12,0.11,0.02,0.0,0.0,0.08,0.24,0.26,0.26,0.27,0.26,0.37,0.56,0.31,0.04,0.13,0.25,0.26,0.25,0.27,0.37,0.41,0.47,0.46,0.25,0.22,0.21,0.38,0.6,0.25,0.19,0.24,0.43,0.72,0.96,1.0,0.71,0.85,1.0,0.6,0.59,0.6,0.56,0.38,0.4,0.36,0.2,0.15,0.11,0.12,0.2,0.56,0.26,0.4,0.76,0.37,0.18,0.34,0.34,0.5,0.64,0.74,0.69,0.63,0.6,0.57,0.5,0.43,0.47,0.41,0.39,0.38,0.35,0.41,0.47,0.56,0.55
bus,"some cars a red bus and a blue bus",0.81,0.81,0.83,0.83,0.82,0.82,0.81,0.82,0.82,0.8,0.76,0.81,0.8,0.78,0.78,0.79,0.94,0.95,0.96,0.96,0.99,0.98,0.98,0.98,0.95,0.92,0.87,0.94,0.9,0.81,0.8,0.73,0.98,0.98,0.96,0.96,1.0,1.0,1.0,1.0,1.0,0.95,1.0,0.96,0.73,0.59,0.5,0.43,0.77,0.73,0.94,0.9,1.0,1.0,1.0,1.0,1.0,0.95,1.0,0.91,0.36,0.35,0.44,0.43,0.44,0.76,0.94,0.89,0.94,0.84,0.68,0.57,0.55,0.53,0.58,0.67,0.42,0.35,0.35,0.29,0.44,0.83,0.72,0.53,0.47,0.42,0.33,0.29,0.34,0.38,0.38,0.4,0.4,0.28,0.28,0.22,0.52,0.56,0.37,0.38,0.39,0.4,0.4,0.33,0.31,0.47,0.79,0.51,0.23,0.26,0.15,0.08,0.56,0.62,0.61,0.65,0.65,0.65,0.58,0.55,0.45,0.43,0.76,0.52,0.27,0.26,0.18,0.15,0.44,0.57,0.54,0.49,0.53,0.48,0.39,0.36,0.45,0.45,0.46,0.29,0.2,0.2,0.22,0.22,0.2,0.31,0.23,0.25,0.25,0.18,0.22,0.37,0.49,0.51,0.42,0.2,0.09,0.1,0.14,0.1,0.13,0.14,0.17,0.09,0.12,0.12,0.15,0.17,0.25,0.27,0.11,0.13,0.13,0.05,0.15,0.19,0.33,0.35,0.34,0.31,0.29,0.27,0.26,0.27,0.29,0.26,0.22,0.23,0.2,0.15,0.13,0.12,0.49,0.53,0.53,0.5,0.5,0.52,0.51,0.49,0.49,0.49,0.47,0.45,0.43,0.4,0.38,0.33,0.45,0.45,0.45,0.46,0.46,0.48,0.5,0.46,0.45,0.46,0.45,0.44,0.43,0.42,0.44,0.45,0.45,0.45,0.45,0.45,0.46,0.45,0.44,0.44,0.44,0.44,0.44,0.44,0.49,0.46,0.42,0.4,0.47,0.45,0.45,0.44,0.44,0.44,0.45,0.45,0.44,0.45,0.44,0.43,0.47,0.51,0.53,0.49
bus,"One woman standing behind large specialized bus in mountains by glacier.",0.9,0.91,0.91,0.92,0.93,0.93,0.94,0.96,0.96,0.96,0.96,0.96,0.96,0.95,0.95,0.95,0.85,0.82,0.82,0.85,0.85,0.89,0.92,0.94,0.95,0.95,0.93,0.93,0.93,0.93,0.93,0.93,0.59,0.53,0.51,0.71,0.89,0.92,0.94,0.94,0.93,0.94,0.95,0.96,0.95,0.94,0.92,0.91,0.47,0.48,0.49,0.53,0.74,0.79,0.83,0.88,0.91,0.93,0.94,0.95,0.94,0.92,0.9,0.89,0.5,0.49,0.52,0.51,0.53,0.68,0.68,0.68,0.8,0.86,0.87,0.89,0.9,0.91,0.9,0.87,0.46,0.47,0.45,0.47,0.5,0.58,0.72,0.74,0.69,0.8,0.83,0.93,0.96,0.98,0.98,0.98,0.29,0.33,0.36,0.35,0.36,0.39,0.43,0.5,0.53,0.56,0.61,0.73,0.91,0.93,0.93,0.9,0.17,0.29,0.4,0.44,0.43,0.44,0.47,0.38,0.4,0.43,0.35,0.3,0.56,0.93,0.88,0.78,0.24,0.24,0.47,0.61,0.73,0.71,0.57,0.76,0.62,0.38,0.4,0.34,0.41,0.82,0.8,0.63,0.22,0.23,0.12,0.07,0.53,0.64,0.35,0.79,0.5,0.07,0.12,0.17,0.24,0.33,0.35,0.36,0.11,0.02,0.02,0.22,0.31,0.45,0.17,0.15,0.06,0.14,0.05,0.22,0.35,0.39,0.35,0.35,0.23,0.08,0.1,0.16,0.31,0.36,0.3,0.22,0.27,0.31,0.32,0.4,0.49,0.5,0.51,0.51,0.43,0.45,0.46,0.47,0.49,0.5,0.53,0.56,0.55,0.55,0.55,0.53,0.51,0.5,0.49,0.47,0.44,0.46,0.47,0.48,0.49,0.49,0.49,0.49,0.49,0.49,0.49,0.48,0.47,0.46,0.45,0.43,0.4,0.41,0.42,0.43,0.44,0.44,0.45,0.45,0.45,0.45,0.45,0.45,0.45,0.45,0.44,0.42,0.36,0.38,0.39,0.41,0.42,0.42,0.43,0.44,0.45,0.44,0.44,0.43,0.43,0.42,0.42,0.4
bus,"a red double decker bus going down the road with a lot of pedestrians on the side",0.66,0.75,0.82,0.74,0.75,0.73,0.53,0.44,0.55,0.65,0.42,0.27,0.2,0.28,0.23,0.44,0.44,0.35,0.42,0.46,0.44,0.41,0.38,0.37,0.37,0.36,0.32,0.22,0.21,0.25,0.23,0.43,0.31,0.27,0.27,0.4,0.43,0.4,0.36,0.37,0.36,0.34,0.25,0.15,0.13,0.2,0.21,0.38,0.35,0.32,0.27,0.34,0.32,0.28,0.35,0.33,0.36,0.35,0.31,0.27,0.36,0.33,0.21,0.34,0.24,0.26,0.38,0.44,0.44,0.45,0.35,0.34,0.38,0.35,0.31,0.24,0.44,0.43,0.15,0.34,0.25,0.27,0.52,0.6,0.6,0.49,0.31,0.22,0.23,0.24,0.27,0.33,0.58,0.64,0.33,0.31,0.33,0.24,0.45,0.5,0.48,0.48,0.6,0.4,0.18,0.2,0.35,0.55,0.58,0.48,0.46,0.36,0.24,0.31,0.54,0.43,0.41,0.47,0.55,0.53,0.33,0.36,0.39,0.44,0.65,0.5,0.52,0.42,0.48,0.6,0.5,0.5,0.52,0.51,0.52,0.55,0.52,0.68,0.56,0.6,0.56,0.71,0.44,0.18,0.56,0.56,0.5,0.39,0.42,0.38,0.67,0.77,0.67,0.64,0.64,0.55,0.37,0.56,0.65,0.15,0.65,0.65,0.51,0.41,0.46,0.47,0.48,0.41,0.44,0.43,0.38,0.35,0.39,0.33,0.71,0.35,0.56,0.55,0.58,0.61,0.61,0.44,0.09,0.06,0.24,0.53,0.61,0.61,0.41,0.04,0.4,0.62,0.58,0.63,0.62,0.56,0.61,0.18,0.03,0.07,0.0,0.27,0.69,0.71,0.45,0.1,0.54,0.73,0.56,0.59,0.62,0.69,0.68,0.14,0.04,0.06,0.04,0.12,0.56,0.66,0.42,0.0,0.47,0.76,0.7,0.74,0.71,0.68,0.62,0.23,0.04,0.05,0.0,0.27,0.7,0.75,0.52,0.24,0.43,0.88,0.73,0.65,0.62,0.62,0.66,0.41,0.07,0.04,0.08,0.55,0.79,0.62,0.33,0.54,0.71,0.9
bus,"A school bus in the street behind other cars.",0.72,0.69,0.67,0.69,0.7,0.75,0.64,0.33,0.3,0.44,0.7,0.73,0.71,0.75,0.7,0.58,0.74,0.75,0.74,0.74,0.76,0.8,0.53,0.25,0.28,0.39,0.72,0.87,0.78,0.71,0.59,0.55,0.68,0.74,0.77,0.78,0.76,0.73,0.42,0.29,0.32,0.35,0.57,0.79,0.76,0.76,0.56,0.49,0.67,0.65,0.73,0.73,0.75,0.74,0.4,0.28,0.3,0.31,0.43,0.75,0.75,0.79,0.72,0.69,0.64,0.59,0.53,0.55,0.48,0.55,0.33,0.29,0.31,0.46,0.63,0.78,0.76,0.71,0.56,0.44,0.65,0.65,0.67,0.55,0.39,0.41,0.4,0.4,0.57,0.55,0.43,0.38,0.44,0.51,0.27,0.19,0.47,0.49,0.55,0.35,0.44,0.44,0.41,0.36,0.47,0.37,0.34,0.37,0.5,0.52,0.37,0.33,0.39,0.38,0.39,0.43,0.47,0.24,0.23,0.34,0.53,0.48,0.53,0.53,0.59,0.52,0.44,0.43,0.38,0.27,0.37,0.62,0.48,0.33,0.33,0.36,0.48,0.44,0.49,0.49,0.58,0.59,0.28,0.22,0.38,0.4,0.35,0.31,0.38,0.42,0.43,0.38,0.21,0.16,0.1,0.12,0.22,0.29,0.29,0.18,0.24,0.22,0.23,0.28,0.28,0.31,0.37,0.37,0.39,0.4,0.32,0.25,0.2,0.12,0.29,0.27,0.2,0.23,0.32,0.28,0.29,0.4,0.42,0.44,0.46,0.46,0.48,0.49,0.48,0.45,0.34,0.29,0.34,0.4,0.35,0.31,0.44,0.44,0.43,0.42,0.42,0.43,0.42,0.41,0.4,0.41,0.43,0.42,0.42,0.28,0.25,0.42,0.43,0.43,0.44,0.43,0.41,0.41,0.4,0.4,0.4,0.38,0.37,0.36,0.24,0.22,0.39,0.4,0.4,0.41,0.42,0.43,0.44,0.43,0.42,0.42,0.41,0.4,0.4,0.39,0.21,0.39,0.4,0.4,0.41,0.43,0.43,0.43,0.44,0.44,0.44,0.43,0.41,0.4,0.38,0.38
bus,"A train traveling across a road in front of a school bus.",0.6,0.71,0.82,0.83,0.82,0.8,0.8,0.8,0.8,0.8,0.81,0.81,0.82,0.82,0.82,0.83,0.75,0.87,0.85,0.76,0.8,0.86,0.85,0.85,0.86,0.86,0.86,0.87,0.87,0.86,0.85,0.85,0.72,0.84,0.85,0.79,0.82,0.86,0.86,0.85,0.86,0.85,0.85,0.84,0.84,0.84,0.84,0.84,0.69,0.83,0.83,0.75,0.78,0.83,0.84,0.85,0.84,0.84,0.84,0.84,0.84,0.84,0.83,0.83,0.58,0.8,0.78,0.72,0.75,0.75,0.76,0.8,0.8,0.82,0.83,0.82,0.82,0.81,0.81,0.81,0.47,0.61,0.73,0.7,0.73,0.71,0.71,0.78,0.79,0.58,0.6,0.72,0.68,0.73,0.76,0.75,0.37,0.43,0.62,0.64,0.75,0.63,0.54,0.82,0.86,0.76,0.74,0.73,0.71,0.72,0.6,0.56,0.42,0.48,0.57,0.42,0.6,0.6,0.53,0.7,0.75,0.77,0.81,0.64,0.65,0.65,0.41,0.46,0.49,0.58,0.53,0.52,0.49,0.48,0.49,0.48,0.48,0.47,0.48,0.49,0.48,0.52,0.46,0.45,0.37,0.38,0.38,0.39,0.39,0.4,0.44,0.38,0.44,0.45,0.44,0.35,0.33,0.4,0.44,0.37,0.33,0.36,0.4,0.42,0.41,0.4,0.38,0.49,0.61,0.6,0.61,0.6,0.39,0.3,0.31,0.28,0.24,0.28,0.25,0.25,0.27,0.25,0.29,0.61,0.69,0.7,0.71,0.72,0.59,0.26,0.38,0.45,0.4,0.47,0.47,0.51,0.53,0.55,0.44,0.4,0.7,0.58,0.59,0.73,0.53,0.54,0.59,0.6,0.51,0.53,0.55,0.56,0.56,0.6,0.53,0.56,0.66,0.62,0.63,0.66,0.56,0.59,0.58,0.5,0.55,0.57,0.58,0.58,0.59,0.62,0.42,0.36,0.41,0.44,0.45,0.45,0.46,0.54,0.63,0.62,0.57,0.56,0.56,0.58,0.56,0.54,0.22,0.07,0.09,0.08,0.09,0.12,0.09,0.37,0.62,0.59
bus,"A political candidate advertisement on the side of a coach bus.",0.18,0.24,0.35,0.46,0.55,0.61,0.6,0.53,0.53,0.54,0.52,0.51,0.51,0.5,0.53,0.96,0.19,0.18,0.16,0.17,0.24,0.33,0.41,0.5,0.56,0.55,0.55,0.55,0.54,0.53,0.53,0.65,0.24,0.24,0.23,0.25,0.22,0.14,0.21,0.23,0.27,0.36,0.46,0.53,0.55,0.55,0.53,0.49,0.27,0.26,0.24,0.34,0.47,0.35,0.35,0.33,0.27,0.22,0.18,0.21,0.32,0.42,0.5,0.53,0.27,0.28,0.25,0.38,0.5,0.44,0.41,0.36,0.33,0.29,0.2,0.15,0.12,0.16,0.19,0.27,0.43,0.33,0.25,0.39,0.5,0.44,0.43,0.43,0.32,0.31,0.31,0.31,0.24,0.26,0.22,0.18,0.45,0.35,0.29,0.36,0.45,0.42,0.37,0.34,0.33,0.3,0.33,0.29,0.24,0.24,0.26,0.24,0.2,0.23,0.21,0.3,0.44,0.37,0.33,0.35,0.31,0.25,0.16,0.18,0.2,0.19,0.16,0.18,0.24,0.16,0.13,0.27,0.4,0.31,0.27,0.29,0.23,0.22,0.2,0.18,0.17,0.1,0.08,0.16,0.54,0.47,0.35,0.14,0.12,0.12,0.11,0.09,0.11,0.23,0.26,0.22,0.17,0.11,0.13,0.15,0.44,0.43,0.32,0.16,0.15,0.13,0.12,0.11,0.17,0.25,0.23,0.22,0.22,0.22,0.15,0.13,0.18,0.1,0.07,0.09,0.06,0.11,0.1,0.04,0.02,0.2,0.37,0.29,0.24,0.16,0.08,0.04,0.16,0.06,0.04,0.02,0.06,0.1,0.06,0.08,0.04,0.13,0.18,0.1,0.07,0.06,0.07,0.09,0.11,0.06,0.08,0.09,0.04,0.13,0.06,0.2,0.11,0.07,0.11,0.12,0.14,0.14,0.15,0.14,0.08,0.04,0.25,0.22,0.07,0.09,0.05,0.14,0.11,0.17,0.18,0.18,0.2,0.2,0.18,0.16,0.07,0.02,0.11,0.14,0.09,0.17,0.09,0.07,0.2,0.27,0.28,0.26,0.22,0.21,0.19,0.16
bus,"A double city bus is pulled up to a bus stop.",0.53,0.42,0.37,0.36,0.27,0.29,0.4,0.56,0.47,0.56,0.64,0.65,0.84,0.76,0.71,0.73,0.47,0.4,0.36,0.4,0.41,0.35,0.33,0.5,0.45,0.51,0.61,0.62,0.69,0.61,0.53,0.59,0.49,0.44,0.41,0.47,0.5,0.56,0.6,0.65,0.48,0.46,0.56,0.61,0.65,0.53,0.47,0.49,0.42,0.31,0.42,0.48,0.49,0.49,0.53,0.83,0.84,0.6,0.52,0.55,0.56,0.57,0.51,0.38,0.26,0.24,0.56,0.6,0.55,0.57,0.62,0.7,0.8,0.65,0.71,0.76,0.64,0.53,0.49,0.38,0.16,0.19,0.62,0.39,0.28,0.18,0.45,0.71,0.71,0.15,0.15,0.25,0.36,0.34,0.4,0.37,0.2,0.29,0.58,0.34,0.28,0.34,0.52,0.62,0.75,0.37,0.1,0.07,0.07,0.15,0.26,0.39,0.25,0.31,0.54,0.51,0.41,0.52,0.68,0.64,0.76,0.25,0.07,0.15,0.13,0.18,0.46,0.6,0.52,0.46,0.67,0.58,0.5,0.67,0.73,0.72,0.77,0.4,0.36,0.2,0.41,0.34,0.55,0.74,0.68,0.75,0.49,0.38,0.45,0.51,0.49,0.56,0.7,0.8,0.64,0.22,0.33,0.52,0.75,0.75,0.73,0.72,0.52,0.4,0.25,0.11,0.08,0.07,0.27,0.41,0.31,0.51,0.69,0.7,0.62,0.5,0.69,0.59,0.48,0.31,0.18,0.11,0.09,0.09,0.19,0.47,0.75,0.84,0.69,0.53,0.47,0.48,0.7,0.67,0.64,0.62,0.58,0.55,0.58,0.62,0.75,0.82,0.8,0.81,0.75,0.52,0.47,0.48,0.67,0.67,0.67,0.68,0.67,0.71,0.76,0.79,0.8,0.8,0.82,0.76,0.53,0.47,0.48,0.47,0.65,0.66,0.67,0.7,0.73,0.76,0.78,0.79,0.79,0.8,0.73,0.51,0.46,0.47,0.46,0.45,0.68,0.71,0.71,0.74,0.78,0.78,0.78,0.79,0.79,0.72,0.53,0.46,0.47,0.45,0.44,0.44
bus,"A bus and other cars driving down a multi-laned street .",0.42,0.75,0.77,0.78,0.78,0.72,0.74,0.77,0.78,0.74,0.66,0.73,0.7,0.47,0.61,0.75,0.63,0.82,0.83,0.83,0.81,0.56,0.2,0.25,0.24,0.3,0.7,0.66,0.73,0.76,0.65,0.71,0.78,0.81,0.81,0.79,0.78,0.45,0.06,0.11,0.08,0.25,0.72,0.64,0.67,0.75,0.71,0.64,0.79,0.78,0.78,0.76,0.72,0.61,0.4,0.34,0.34,0.51,0.69,0.7,0.66,0.72,0.75,0.73,0.77,0.78,0.75,0.75,0.73,0.6,0.56,0.48,0.54,0.63,0.67,0.74,0.66,0.66,0.74,0.77,0.75,0.7,0.75,0.8,0.73,0.53,0.47,0.47,0.43,0.56,0.72,0.77,0.73,0.65,0.71,0.77,0.75,0.71,0.74,0.82,0.71,0.55,0.6,0.54,0.53,0.56,0.69,0.77,0.77,0.68,0.67,0.74,0.76,0.77,0.77,0.81,0.76,0.65,0.65,0.64,0.63,0.64,0.74,0.79,0.77,0.73,0.67,0.72,0.77,0.77,0.77,0.78,0.79,0.75,0.76,0.77,0.76,0.76,0.8,0.82,0.78,0.76,0.7,0.67,0.79,0.81,0.8,0.81,0.78,0.72,0.75,0.75,0.73,0.75,0.77,0.83,0.8,0.76,0.72,0.64,0.83,0.84,0.85,0.85,0.77,0.69,0.73,0.71,0.69,0.73,0.75,0.8,0.82,0.76,0.74,0.64,0.84,0.85,0.86,0.84,0.78,0.7,0.73,0.74,0.68,0.71,0.72,0.78,0.81,0.77,0.75,0.69,0.82,0.84,0.86,0.84,0.77,0.68,0.73,0.75,0.69,0.7,0.71,0.76,0.79,0.75,0.74,0.71,0.83,0.84,0.84,0.82,0.75,0.65,0.7,0.72,0.69,0.69,0.71,0.74,0.78,0.77,0.73,0.71,0.79,0.81,0.83,0.8,0.76,0.66,0.7,0.72,0.7,0.67,0.67,0.67,0.72,0.76,0.72,0.66,0.8,0.81,0.83,0.78,0.75,0.62,0.68,0.71,0.69,0.65,0.65,0.62,0.68,0.72,0.71,0.64
bus,"A large orange double decker bus parked in a parking lot.",0.75,0.74,0.73,0.74,0.76,0.78,0.78,0.77,0.81,0.85,0.85,0.87,0.87,0.79,0.65,0.64,0.73,0.75,0.77,0.77,0.75,0.75,0.78,0.83,0.76,0.53,0.47,0.57,0.4,0.59,0.75,0.7,0.76,0.76,0.74,0.76,0.78,0.77,0.71,0.52,0.31,0.25,0.36,0.56,0.21,0.25,0.4,0.61,0.72,0.74,0.79,0.8,0.68,0.47,0.34,0.31,0.32,0.35,0.51,0.69,0.4,0.49,0.58,0.55,0.8,0.8,0.64,0.45,0.35,0.34,0.45,0.53,0.6,0.67,0.72,0.71,0.56,0.44,0.58,0.56,0.57,0.38,0.33,0.42,0.56,0.62,0.69,0.72,0.7,0.68,0.68,0.71,0.59,0.39,0.41,0.47,0.55,0.55,0.64,0.68,0.7,0.69,0.67,0.67,0.69,0.69,0.67,0.62,0.6,0.57,0.45,0.55,0.69,0.71,0.7,0.69,0.66,0.65,0.67,0.63,0.42,0.33,0.39,0.36,0.25,0.3,0.31,0.39,0.59,0.57,0.53,0.51,0.65,0.65,0.66,0.6,0.24,0.2,0.4,0.4,0.15,0.23,0.25,0.33,0.31,0.24,0.19,0.28,0.63,0.64,0.65,0.62,0.23,0.28,0.48,0.47,0.41,0.27,0.22,0.27,0.44,0.38,0.36,0.4,0.6,0.64,0.65,0.6,0.35,0.48,0.56,0.36,0.67,0.32,0.15,0.27,0.43,0.64,0.66,0.68,0.66,0.55,0.53,0.65,0.68,0.65,0.65,0.55,0.48,0.42,0.46,0.44,0.2,0.25,0.32,0.39,0.48,0.3,0.21,0.47,0.5,0.54,0.58,0.65,0.55,0.5,0.41,0.36,0.28,0.25,0.22,0.19,0.2,0.27,0.22,0.19,0.2,0.22,0.24,0.28,0.36,0.18,0.2,0.16,0.39,0.38,0.36,0.35,0.3,0.27,0.18,0.19,0.23,0.21,0.21,0.23,0.31,0.21,0.41,0.31,0.33,0.36,0.37,0.37,0.36,0.33,0.28,0.31,0.33,0.31,0.29,0.22,0.19,0.34,0.35,0.34
bus,"a bus with a kitty face on the front of it",0.45,0.45,0.56,0.62,0.36,0.42,0.86,0.77,0.73,0.86,1.0,1.0,1.0,0.99,0.91,0.51,0.36,0.48,0.28,0.24,0.2,0.24,0.38,0.35,0.34,0.53,0.92,0.85,0.66,0.45,0.44,0.37,0.25,0.29,0.28,0.31,0.24,0.24,0.34,0.35,0.26,0.25,0.35,0.3,0.2,0.12,0.23,0.35,0.23,0.27,0.29,0.26,0.26,0.25,0.25,0.31,0.35,0.37,0.57,0.66,0.51,0.38,0.24,0.27,0.25,0.3,0.24,0.17,0.22,0.18,0.25,0.5,0.43,0.33,0.58,0.76,0.77,0.78,0.42,0.18,0.22,0.24,0.25,0.26,0.33,0.26,0.28,0.34,0.13,0.13,0.56,0.61,0.47,0.57,0.41,0.14,0.15,0.2,0.22,0.32,0.27,0.19,0.21,0.24,0.2,0.19,0.56,0.71,0.59,0.51,0.49,0.26,0.08,0.17,0.21,0.25,0.2,0.17,0.19,0.19,0.11,0.1,0.69,0.82,0.81,0.89,0.71,0.29,0.28,0.38,0.36,0.33,0.33,0.27,0.23,0.16,0.21,0.2,0.7,0.85,0.89,0.88,0.84,0.19,0.45,0.36,0.16,0.22,0.3,0.37,0.38,0.14,0.39,0.44,0.52,0.72,0.88,0.9,0.66,0.14,0.33,0.3,0.27,0.25,0.2,0.16,0.13,0.11,0.22,0.38,0.53,0.72,0.78,0.7,0.55,0.16,0.45,0.44,0.42,0.4,0.39,0.37,0.3,0.22,0.15,0.18,0.2,0.24,0.26,0.31,0.35,0.36,0.47,0.47,0.47,0.47,0.47,0.46,0.47,0.47,0.47,0.44,0.42,0.42,0.44,0.45,0.45,0.45,0.44,0.44,0.45,0.47,0.47,0.45,0.44,0.44,0.44,0.44,0.45,0.46,0.47,0.46,0.45,0.44,0.43,0.43,0.43,0.44,0.44,0.42,0.42,0.41,0.42,0.41,0.4,0.41,0.41,0.42,0.41,0.41,0.4,0.41,0.41,0.41,0.41,0.41,0.41,0.41,0.41,0.41,0.41,0.4,0.4,0.4,0.39,0.38
bus,"A bus traveling on a street during the day.",0.33,0.29,0.47,0.49,0.28,0.34,0.42,0.55,0.93,0.6,0.55,0.55,0.49,0.52,0.8,0.92,0.34,0.31,0.56,0.35,0.29,0.33,0.4,0.55,0.78,0.55,0.44,0.53,0.55,0.53,0.7,0.78,0.36,0.3,0.35,0.33,0.32,0.39,0.45,0.44,0.53,0.46,0.44,0.45,0.4,0.42,0.57,0.59,0.35,0.33,0.34,0.38,0.45,0.49,0.35,0.47,0.44,0.46,0.5,0.48,0.33,0.37,0.47,0.57,0.3,0.33,0.34,0.38,0.38,0.44,0.25,0.55,0.52,0.45,0.54,0.29,0.35,0.41,0.38,0.42,0.42,0.27,0.15,0.33,0.34,0.37,0.41,0.47,0.44,0.44,0.5,0.49,0.49,0.31,0.43,0.55,0.22,0.26,0.11,0.28,0.45,0.56,0.58,0.56,0.35,0.19,0.19,0.42,0.42,0.49,0.78,0.73,0.07,0.15,0.24,0.33,0.34,0.43,0.35,0.38,0.38,0.29,0.3,0.41,0.41,0.38,0.7,0.67,0.14,0.16,0.29,0.33,0.27,0.29,0.36,0.4,0.29,0.28,0.45,0.49,0.47,0.38,0.58,0.7,0.3,0.42,0.6,0.53,0.45,0.44,0.52,0.6,0.46,0.38,0.48,0.39,0.36,0.61,0.76,0.72,0.45,0.56,0.67,0.61,0.46,0.35,0.31,0.32,0.3,0.31,0.37,0.51,0.62,0.68,0.68,0.68,0.63,0.64,0.65,0.64,0.56,0.51,0.52,0.5,0.53,0.65,0.72,0.72,0.71,0.68,0.68,0.67,0.62,0.64,0.66,0.67,0.7,0.73,0.73,0.74,0.73,0.7,0.69,0.69,0.7,0.69,0.69,0.69,0.63,0.64,0.65,0.67,0.67,0.67,0.68,0.68,0.69,0.69,0.69,0.65,0.62,0.62,0.64,0.64,0.63,0.64,0.65,0.66,0.67,0.67,0.68,0.68,0.66,0.67,0.65,0.54,0.45,0.49,0.52,0.47,0.62,0.63,0.65,0.65,0.66,0.64,0.51,0.47,0.46,0.47,0.45,0.45,0.47,0.47,0.43,0.4
bus,"A young man standing in the doorway of a bus",0.53,0.63,0.5,0.64,0.82,0.96,0.97,0.92,0.83,0.73,0.62,0.51,0.41,0.34,0.33,0.37,0.74,0.84,0.87,0.84,0.75,0.65,0.57,0.51,0.47,0.44,0.43,0.44,0.45,0.53,0.55,0.55,0.59,0.51,0.44,0.4,0.43,0.49,0.56,0.58,0.43,0.38,0.3,0.39,0.8,0.55,0.18,0.15,0.36,0.4,0.4,0.4,0.41,0.33,0.44,0.4,0.02,0.08,0.03,0.15,0.81,0.39,0.0,0.05,0.23,0.2,0.15,0.29,0.27,0.16,0.29,0.47,0.03,0.04,0.08,0.2,0.72,0.34,0.05,0.03,0.19,0.16,0.21,0.34,0.31,0.16,0.43,0.45,0.03,0.04,0.1,0.34,0.6,0.38,0.22,0.02,0.24,0.23,0.33,0.32,0.33,0.2,0.56,0.38,0.17,0.08,0.1,0.45,0.76,0.32,0.39,0.32,0.33,0.22,0.28,0.43,0.4,0.23,0.58,0.42,0.11,0.11,0.25,0.53,0.76,0.11,0.24,0.25,0.31,0.18,0.4,0.42,0.42,0.26,0.76,0.8,0.37,0.43,0.25,0.58,0.67,0.06,0.12,0.18,0.55,0.51,0.55,0.53,0.47,0.46,0.77,0.79,0.69,0.51,0.18,0.67,0.58,0.0,0.0,0.11,0.59,0.76,0.76,0.78,0.77,0.78,0.59,0.55,0.48,0.53,0.26,0.66,0.73,0.38,0.32,0.36,0.67,0.71,0.73,0.75,0.8,0.6,0.27,0.63,0.69,0.53,0.31,0.63,0.81,0.52,0.48,0.51,0.6,0.67,0.74,0.73,0.82,0.45,0.31,0.76,0.67,0.42,0.35,0.69,0.8,0.4,0.26,0.25,0.55,0.55,0.65,0.73,0.78,0.47,0.24,0.38,0.33,0.25,0.3,0.68,0.8,0.47,0.28,0.27,0.61,0.58,0.55,0.67,0.76,0.53,0.11,0.06,0.04,0.02,0.23,0.68,0.8,0.5,0.25,0.26,0.59,0.56,0.5,0.59,0.74,0.47,0.09,0.1,0.09,0.04,0.24,0.67,0.79,0.57,0.28,0.26
bus,"A curve in a city road with a bus following a car and people walking on the side.",0.13,0.16,0.17,0.26,0.38,0.61,0.7,0.74,0.68,0.73,0.7,0.71,0.71,0.55,0.6,0.66,0.13,0.11,0.13,0.11,0.14,0.43,0.56,0.39,0.47,0.69,0.69,0.38,0.55,0.56,0.54,0.62,0.12,0.13,0.09,0.11,0.18,0.41,0.47,0.35,0.38,0.33,0.38,0.33,0.31,0.3,0.2,0.39,0.3,0.36,0.44,0.52,0.52,0.55,0.64,0.62,0.33,0.16,0.06,0.15,0.13,0.18,0.13,0.28,0.35,0.31,0.58,0.59,0.6,0.47,0.51,0.47,0.3,0.24,0.36,0.25,0.21,0.21,0.21,0.29,0.18,0.11,0.15,0.06,0.45,0.55,0.46,0.43,0.36,0.44,0.37,0.57,0.76,0.68,0.7,0.73,0.53,0.34,0.2,0.2,0.45,0.58,0.56,0.58,0.5,0.42,0.37,0.58,0.63,0.53,0.58,0.64,0.56,0.6,0.62,0.62,0.63,0.62,0.62,0.61,0.6,0.56,0.54,0.47,0.4,0.26,0.2,0.25,0.52,0.52,0.53,0.53,0.55,0.55,0.56,0.56,0.56,0.55,0.55,0.5,0.4,0.29,0.22,0.18,0.51,0.52,0.53,0.53,0.53,0.53,0.53,0.53,0.52,0.51,0.49,0.49,0.49,0.49,0.49,0.48,0.5,0.5,0.49,0.5,0.51,0.51,0.52,0.52,0.51,0.51,0.5,0.49,0.48,0.47,0.47,0.46,0.49,0.49,0.48,0.49,0.5,0.49,0.47,0.46,0.47,0.46,0.47,0.49,0.48,0.47,0.47,0.47,0.45,0.45,0.46,0.47,0.48,0.49,0.47,0.46,0.46,0.43,0.44,0.47,0.47,0.47,0.46,0.46,0.63,0.57,0.55,0.55,0.55,0.55,0.5,0.49,0.5,0.56,0.55,0.54,0.55,0.53,0.49,0.46,0.78,0.81,0.83,0.84,0.82,0.76,0.51,0.46,0.6,0.47,0.44,0.45,0.46,0.45,0.65,0.71,0.45,0.5,0.56,0.62,0.64,0.64,0.62,0.64,0.69,0.63,0.61,0.58,0.58,0.55,0.7,0.79
bus,"A bus makes a splash in the heavy rain.",0.13,0.16,0.13,0.14,0.15,0.14,0.2,0.24,0.26,0.23,0.23,0.22,0.19,0.15,0.13,0.13,0.09,0.1,0.18,0.21,0.22,0.2,0.18,0.22,0.24,0.2,0.18,0.19,0.18,0.15,0.12,0.12,0.1,0.16,0.22,0.2,0.24,0.22,0.2,0.19,0.21,0.2,0.18,0.18,0.15,0.13,0.11,0.13,0.16,0.21,0.21,0.22,0.23,0.21,0.22,0.22,0.23,0.21,0.2,0.18,0.14,0.13,0.13,0.13,0.18,0.2,0.22,0.25,0.24,0.3,0.33,0.33,0.32,0.26,0.24,0.17,0.12,0.12,0.1,0.13,0.17,0.19,0.2,0.22,0.24,0.13,0.12,0.15,0.13,0.09,0.08,0.16,0.13,0.11,0.09,0.16,0.19,0.19,0.21,0.2,0.21,0.05,0.09,0.16,0.18,0.09,0.04,0.11,0.15,0.11,0.15,0.24,0.2,0.18,0.2,0.2,0.14,0.08,0.04,0.05,0.11,0.07,0.02,0.09,0.14,0.12,0.1,0.13,0.26,0.3,0.22,0.26,0.27,0.09,0.01,0.04,0.05,0.03,0.06,0.11,0.15,0.11,0.1,0.09,0.52,0.65,0.44,0.49,0.55,0.22,0.19,0.15,0.14,0.18,0.2,0.17,0.21,0.24,0.13,0.12,0.5,0.51,0.41,0.44,0.53,0.47,0.23,0.26,0.26,0.23,0.46,0.33,0.45,0.51,0.39,0.23,0.49,0.49,0.38,0.45,0.6,0.3,0.02,0.06,0.07,0.05,0.11,0.35,0.48,0.43,0.32,0.25,0.39,0.42,0.49,0.55,0.7,0.74,0.35,0.31,0.35,0.41,0.75,0.64,0.4,0.27,0.27,0.25,0.31,0.33,0.36,0.39,0.69,0.81,0.42,0.43,0.39,0.44,0.9,0.67,0.38,0.31,0.27,0.25,0.29,0.31,0.36,0.35,0.51,0.53,0.29,0.31,0.31,0.33,0.55,0.43,0.33,0.31,0.24,0.21,0.33,0.33,0.33,0.31,0.39,0.36,0.24,0.29,0.31,0.3,0.48,0.35,0.27,0.27,0.25,0.19
bus,"An electric trolley bus on the street in Seattle",1.0,0.84,0.65,0.63,0.58,0.68,0.73,0.97,1.0,0.96,0.61,0.95,0.98,0.96,0.55,0.36,0.57,0.56,0.48,0.46,0.45,0.44,0.37,0.66,1.0,0.71,0.29,0.55,0.99,0.99,0.76,0.42,0.49,0.84,0.76,0.42,0.52,0.45,0.45,0.35,0.79,0.48,0.26,0.19,0.73,0.98,0.87,0.47,0.61,0.5,0.84,0.51,0.48,0.49,0.43,0.35,0.4,0.33,0.22,0.19,0.22,0.72,0.92,0.73,0.33,0.13,0.47,0.55,0.31,0.42,0.41,0.42,0.33,0.27,0.16,0.15,0.12,0.3,0.72,0.78,0.28,0.11,0.24,0.47,0.34,0.44,0.44,0.38,0.32,0.23,0.11,0.09,0.13,0.15,0.2,0.73,0.23,0.05,0.42,0.57,0.41,0.47,0.41,0.46,0.49,0.39,0.41,0.32,0.2,0.15,0.1,0.49,0.31,0.11,0.35,0.4,0.38,0.46,0.33,0.36,0.41,0.38,0.4,0.37,0.4,0.36,0.15,0.43,0.31,0.23,0.19,0.33,0.2,0.47,0.21,0.37,0.45,0.36,0.33,0.23,0.26,0.25,0.24,0.41,0.33,0.3,0.36,0.38,0.31,0.41,0.41,0.61,0.68,0.48,0.38,0.4,0.37,0.39,0.56,0.63,0.47,0.53,0.58,0.6,0.7,0.74,0.77,0.8,0.7,0.65,0.42,0.3,0.23,0.24,0.4,0.46,0.69,0.73,0.76,0.78,0.77,0.76,0.76,0.65,0.39,0.31,0.27,0.27,0.3,0.32,0.33,0.41,0.75,0.72,0.69,0.67,0.65,0.65,0.65,0.66,0.64,0.66,0.73,0.75,0.72,0.7,0.72,0.71,0.64,0.65,0.66,0.66,0.66,0.65,0.64,0.64,0.64,0.64,0.61,0.57,0.58,0.6,0.62,0.69,0.65,0.65,0.66,0.67,0.65,0.64,0.62,0.63,0.63,0.59,0.55,0.56,0.59,0.62,0.67,0.7,0.64,0.68,0.71,0.71,0.72,0.7,0.69,0.68,0.65,0.65,0.65,0.64,0.62,0.64,0.69,0.65
bus,"A city bus is driving through the town",0.87,0.84,0.84,0.85,0.85,0.87,0.88,0.87,0.88,0.71,0.61,0.36,0.31,0.58,0.46,0.58,0.79,0.78,0.78,0.8,0.82,0.84,0.82,0.87,0.57,0.51,0.74,0.43,0.46,0.66,0.57,0.58,0.78,0.82,0.82,0.81,0.83,0.85,0.87,0.83,0.27,0.72,0.82,0.64,0.7,0.77,0.65,0.58,0.85,0.87,0.86,0.87,0.88,0.89,0.93,0.75,0.44,0.73,0.65,0.54,0.63,0.65,0.55,0.4,0.77,0.72,0.71,0.78,0.78,0.72,0.61,0.37,0.35,0.23,0.12,0.15,0.25,0.2,0.21,0.18,0.44,0.36,0.32,0.3,0.29,0.2,0.15,0.16,0.16,0.15,0.15,0.13,0.17,0.24,0.21,0.16,0.26,0.18,0.18,0.2,0.28,0.29,0.18,0.33,0.27,0.2,0.4,0.33,0.29,0.42,0.35,0.28,0.23,0.25,0.24,0.27,0.34,0.33,0.21,0.38,0.3,0.33,0.41,0.42,0.42,0.32,0.27,0.24,0.3,0.22,0.26,0.23,0.25,0.35,0.3,0.38,0.38,0.43,0.43,0.44,0.41,0.34,0.29,0.21,0.37,0.24,0.22,0.3,0.42,0.35,0.19,0.19,0.19,0.27,0.42,0.4,0.33,0.26,0.23,0.22,0.39,0.31,0.18,0.26,0.48,0.37,0.13,0.14,0.13,0.12,0.09,0.06,0.08,0.15,0.22,0.11,0.46,0.41,0.27,0.16,0.13,0.21,0.3,0.21,0.12,0.18,0.32,0.21,0.08,0.17,0.21,0.12,0.47,0.48,0.48,0.44,0.35,0.22,0.31,0.14,0.09,0.16,0.25,0.16,0.06,0.29,0.31,0.1,0.43,0.44,0.45,0.46,0.48,0.46,0.41,0.29,0.17,0.09,0.01,0.02,0.04,0.11,0.15,0.19,0.44,0.43,0.44,0.44,0.44,0.45,0.45,0.44,0.45,0.38,0.34,0.35,0.37,0.39,0.41,0.43,0.42,0.43,0.44,0.45,0.45,0.45,0.45,0.43,0.45,0.47,0.48,0.47,0.47,0.47,0.47,0.46
bus,"a public transit bus in a city street",1.0,1.0,0.91,0.71,0.53,0.38,0.31,0.29,0.31,0.36,0.38,0.38,0.35,0.33,0.35,0.34,0.8,0.62,0.38,0.31,0.32,0.36,0.37,0.37,0.4,0.4,0.4,0.44,0.43,0.39,0.38,0.35,0.25,0.25,0.32,0.37,0.4,0.4,0.4,0.42,0.44,0.42,0.42,0.36,0.34,0.4,0.36,0.25,0.37,0.4,0.41,0.39,0.4,0.38,0.39,0.36,0.33,0.35,0.33,0.24,0.31,0.34,0.26,0.22,0.39,0.43,0.36,0.35,0.36,0.35,0.35,0.34,0.33,0.37,0.28,0.29,0.29,0.3,0.27,0.31,0.37,0.39,0.31,0.29,0.38,0.38,0.39,0.42,0.44,0.42,0.36,0.31,0.31,0.28,0.3,0.38,0.37,0.38,0.32,0.37,0.45,0.49,0.44,0.27,0.26,0.34,0.31,0.43,0.41,0.2,0.18,0.34,0.36,0.37,0.29,0.37,0.53,0.51,0.46,0.24,0.15,0.22,0.33,0.32,0.47,0.33,0.07,0.26,0.29,0.59,0.71,0.52,0.53,0.48,0.49,0.47,0.6,0.44,0.38,0.43,0.49,0.36,0.21,0.29,0.27,0.45,0.46,0.51,0.44,0.39,0.5,0.44,0.37,0.4,0.64,0.66,0.36,0.3,0.38,0.38,0.5,0.47,0.47,0.37,0.18,0.2,0.12,0.19,0.25,0.38,0.51,0.41,0.17,0.3,0.36,0.4,0.6,0.59,0.58,0.53,0.46,0.41,0.38,0.39,0.41,0.39,0.36,0.33,0.38,0.42,0.38,0.35,0.39,0.37,0.37,0.36,0.36,0.36,0.36,0.35,0.33,0.32,0.32,0.34,0.39,0.32,0.3,0.25,0.3,0.31,0.31,0.3,0.3,0.32,0.3,0.32,0.33,0.34,0.36,0.39,0.4,0.39,0.38,0.37,0.32,0.32,0.33,0.34,0.35,0.37,0.37,0.4,0.42,0.41,0.42,0.4,0.4,0.41,0.4,0.4,0.35,0.35,0.37,0.4,0.4,0.37,0.38,0.39,0.39,0.37,0.37,0.38,0.37,0.37,0.38,0.37
bus,"An 'Apple' logo burns bright over a city bus.",0.09,0.11,0.08,0.09,0.09,0.1,0.1,0.11,0.13,0.09,0.11,0.09,0.07,0.07,0.06,0.05,0.12,0.11,0.09,0.11,0.11,0.12,0.13,0.14,0.17,0.34,0.17,0.1,0.09,0.08,0.07,0.06,0.1,0.12,0.11,0.13,0.13,0.15,0.15,0.3,0.8,0.9,0.38,0.11,0.11,0.09,0.07,0.07,0.11,0.13,0.13,0.15,0.16,0.2,0.16,0.46,1.0,1.0,0.51,0.12,0.13,0.1,0.08,0.07,0.13,0.15,0.16,0.18,0.2,0.23,0.23,0.35,0.94,1.0,0.58,0.13,0.14,0.11,0.09,0.08,0.12,0.17,0.2,0.23,0.25,0.29,0.31,0.31,0.45,0.61,0.4,0.18,0.16,0.13,0.11,0.09,0.11,0.18,0.21,0.24,0.3,0.34,0.36,0.38,0.35,0.29,0.25,0.22,0.16,0.14,0.12,0.09,0.1,0.22,0.17,0.2,0.36,0.38,0.43,0.44,0.44,0.4,0.31,0.23,0.18,0.15,0.13,0.13,0.11,0.26,0.18,0.24,0.39,0.4,0.33,0.24,0.29,0.27,0.24,0.21,0.18,0.18,0.31,0.29,0.11,0.18,0.18,0.27,0.35,0.18,0.13,0.09,0.05,0.05,0.07,0.11,0.13,0.21,0.2,0.16,0.09,0.01,0.23,0.51,0.51,0.16,0.08,0.15,0.28,0.05,0.11,0.11,0.06,0.21,0.31,0.36,0.09,0.01,0.3,0.85,0.81,0.44,0.44,0.73,0.69,0.17,0.22,0.16,0.06,0.17,0.4,0.64,0.07,0.02,0.34,0.51,0.5,0.32,0.46,0.51,0.35,0.17,0.04,0.09,0.1,0.18,0.25,0.31,0.06,0.01,0.31,0.15,0.27,0.15,0.13,0.09,0.02,0.15,0.18,0.21,0.26,0.19,0.21,0.25,0.04,0.05,0.09,0.04,0.28,0.22,0.19,0.2,0.21,0.18,0.19,0.19,0.26,0.23,0.22,0.25,0.04,0.07,0.08,0.05,0.23,0.18,0.22,0.23,0.23,0.16,0.16,0.15,0.17,0.18,0.11,0.01
dog,"A dog sitting between its masters feet on a footstool watching tv",0.03,0.0,0.18,0.24,0.2,0.22,0.21,0.14,0.46,0.84,0.55,0.76,0.63,0.66,0.27,0.09,0.03,0.0,0.15,0.23,0.17,0.18,0.18,0.11,0.44,0.75,0.68,0.84,0.73,0.65,0.25,0.08,0.03,0.0,0.11,0.29,0.27,0.31,0.23,0.2,0.42,0.37,0.39,0.39,0.41,0.42,0.31,0.12,0.03,0.01,0.08,0.39,0.36,0.44,0.34,0.15,0.12,0.11,0.15,0.18,0.25,0.28,0.19,0.2,0.03,0.02,0.06,0.4,0.21,0.33,0.35,0.02,0.14,0.34,0.29,0.09,0.05,0.05,0.05,0.16,0.03,0.01,0.05,0.37,0.17,0.11,0.16,0.09,0.27,0.49,0.4,0.22,0.19,0.18,0.21,0.23,0.3,0.09,0.0,0.33,0.16,0.0,0.26,0.65,0.29,0.36,0.37,0.39,0.4,0.39,0.37,0.25,0.38,0.39,0.11,0.25,0.08,0.27,0.78,0.82,0.29,0.27,0.27,0.27,0.43,0.35,0.25,0.26,0.41,0.49,0.38,0.41,0.33,0.62,0.67,0.72,0.53,0.45,0.45,0.48,0.49,0.45,0.46,0.44,0.48,0.51,0.4,0.45,0.31,0.09,0.04,0.08,0.37,0.49,0.43,0.49,0.5,0.46,0.47,0.45,0.49,0.53,0.45,0.4,0.14,0.0,0.04,0.03,0.19,0.43,0.34,0.49,0.48,0.29,0.33,0.47,0.49,0.51,0.31,0.07,0.03,0.02,0.05,0.07,0.2,0.29,0.34,0.56,0.52,0.26,0.26,0.43,0.55,0.4,0.06,0.02,0.02,0.02,0.08,0.11,0.1,0.3,0.49,0.58,0.65,0.49,0.16,0.16,0.31,0.1,0.04,0.05,0.05,0.05,0.1,0.06,0.1,0.38,0.5,0.55,0.64,0.64,0.29,0.09,0.03,0.04,0.07,0.07,0.07,0.08,0.1,0.04,0.22,0.4,0.51,0.57,0.62,0.63,0.56,0.23,0.05,0.06,0.07,0.07,0.07,0.08,0.09,0.06,0.25,0.42,0.55,0.58,0.58,0.57,0.6,0.52
dog,"A dog uses its mouth to grab toilet paper off of the roll.",0.64,0.64,0.65,0.65,0.66,0.67,0.67,0.64,0.65,0.65,0.65,0.65,0.63,0.63,0.6,0.59,0.63,0.63,0.64,0.64,0.65,0.65,0.64,0.63,0.64,0.65,0.65,0.66,0.65,0.65,0.64,0.64,0.62,0.63,0.64,0.65,0.65,0.66,0.56,0.59,0.53,0.51,0.64,0.66,0.65,0.65,0.64,0.64,0.61,0.62,0.64,0.64,0.64,0.65,0.62,0.76,0.47,0.42,0.63,0.65,0.64,0.64,0.64,0.63,0.6,0.62,0.65,0.65,0.64,0.65,0.61,0.62,0.49,0.42,0.55,0.65,0.63,0.64,0.63,0.62,0.59,0.61,0.63,0.64,0.64,0.65,0.61,0.58,0.48,0.47,0.45,0.55,0.63,0.63,0.63,0.62,0.62,0.6,0.59,0.64,0.63,0.64,0.65,0.57,0.39,0.46,0.44,0.38,0.6,0.64,0.62,0.62,0.66,0.53,0.48,0.64,0.62,0.63,0.62,0.45,0.38,0.45,0.44,0.38,0.47,0.63,0.61,0.61,0.67,0.42,0.46,0.64,0.6,0.64,0.53,0.35,0.31,0.39,0.35,0.39,0.51,0.63,0.62,0.61,0.62,0.36,0.51,0.62,0.6,0.6,0.61,0.48,0.41,0.42,0.32,0.3,0.41,0.56,0.6,0.6,0.52,0.4,0.56,0.59,0.59,0.59,0.59,0.61,0.49,0.41,0.36,0.35,0.38,0.41,0.56,0.6,0.45,0.51,0.64,0.64,0.64,0.64,0.64,0.61,0.54,0.47,0.43,0.41,0.42,0.42,0.44,0.56,0.41,0.53,0.64,0.63,0.63,0.63,0.64,0.62,0.62,0.59,0.48,0.48,0.46,0.42,0.41,0.45,0.38,0.56,0.61,0.62,0.63,0.63,0.63,0.62,0.57,0.61,0.52,0.47,0.5,0.46,0.4,0.38,0.46,0.6,0.64,0.68,0.65,0.64,0.62,0.6,0.58,0.63,0.48,0.45,0.5,0.48,0.43,0.38,0.55,0.56,0.6,0.62,0.59,0.59,0.6,0.61,0.64,0.63,0.39,0.32,0.49,0.48,0.47,0.44
dog,"A female plays with her dog in the living room",0.33,0.35,0.36,0.73,1.0,0.95,0.79,0.49,0.94,1.0,1.0,0.69,0.4,0.39,0.38,0.35,0.3,0.35,0.36,0.73,0.96,0.89,0.76,0.48,0.95,0.82,0.75,0.6,0.38,0.43,0.38,0.36,0.04,0.18,0.37,0.73,0.89,0.88,0.75,0.47,0.89,0.31,0.09,0.09,0.07,0.26,0.4,0.37,0.03,0.12,0.38,0.7,0.9,0.89,0.73,0.47,0.8,0.71,0.29,0.0,0.05,0.02,0.24,0.39,0.05,0.13,0.39,0.67,0.87,0.87,0.78,0.47,0.85,0.79,0.42,0.06,0.03,0.02,0.13,0.39,0.06,0.14,0.39,0.74,0.97,0.96,0.81,0.47,0.78,0.59,0.73,0.22,0.03,0.07,0.18,0.32,0.06,0.11,0.43,0.46,0.71,0.9,0.77,0.5,0.73,0.69,0.84,0.41,0.14,0.18,0.17,0.17,0.04,0.14,0.44,0.32,0.19,0.24,0.26,0.33,0.56,0.57,0.57,0.38,0.19,0.13,0.13,0.15,0.16,0.27,0.42,0.36,0.13,0.22,0.09,0.17,0.26,0.2,0.57,0.53,0.38,0.26,0.14,0.1,0.19,0.23,0.35,0.75,0.44,0.59,0.57,0.32,0.55,0.45,0.44,0.64,0.28,0.25,0.26,0.31,0.45,0.63,0.71,0.77,0.58,0.73,0.74,0.56,0.82,0.8,0.45,0.52,0.61,0.34,0.16,0.2,0.52,0.62,0.59,0.49,0.45,0.54,0.46,0.51,0.57,0.56,0.47,0.49,0.46,0.47,0.23,0.18,0.49,0.47,0.38,0.33,0.37,0.39,0.44,0.45,0.54,0.53,0.45,0.39,0.39,0.2,0.11,0.18,0.41,0.33,0.33,0.34,0.38,0.43,0.47,0.49,0.51,0.51,0.45,0.36,0.37,0.22,0.09,0.11,0.31,0.33,0.35,0.36,0.39,0.42,0.45,0.46,0.48,0.45,0.44,0.37,0.32,0.21,0.11,0.15,0.29,0.33,0.34,0.34,0.36,0.4,0.45,0.47,0.44,0.4,0.4,0.38,0.33,0.15,0.13,0.17
dog,"A dog is wearing a helmet and sitting by a motor bike.",0.65,0.86,0.98,0.97,0.99,0.99,0.99,1.0,1.0,0.98,0.98,0.98,0.98,0.98,0.87,0.66,0.88,0.95,0.91,0.93,0.9,0.88,0.87,0.78,0.72,0.91,0.94,0.94,0.94,0.92,0.95,0.88,1.0,0.93,0.98,1.0,0.6,0.55,0.59,0.61,0.55,0.81,1.0,1.0,1.0,1.0,0.89,1.0,0.98,0.95,0.99,1.0,0.67,0.41,0.63,0.77,0.78,0.84,0.91,1.0,1.0,0.82,0.74,0.99,1.0,0.78,0.78,0.96,0.71,0.33,0.62,0.56,0.77,0.76,0.74,0.96,1.0,0.45,0.62,1.0,1.0,0.71,0.62,0.74,0.65,0.66,0.73,0.69,0.79,0.96,0.97,0.97,0.83,0.64,0.74,1.0,1.0,0.69,0.44,0.63,0.89,0.64,0.82,0.49,0.51,0.48,0.58,0.42,0.29,0.39,0.79,1.0,1.0,0.67,0.09,0.54,0.89,0.31,0.45,0.27,0.41,0.3,0.29,0.29,0.35,0.3,0.64,1.0,1.0,0.64,0.26,0.65,0.53,0.26,0.19,0.45,0.45,0.62,0.42,0.2,0.33,0.35,0.68,1.0,1.0,0.64,0.53,0.57,0.33,0.4,0.23,0.58,0.67,0.62,0.25,0.1,0.18,0.24,0.68,1.0,1.0,0.63,0.31,0.38,0.2,0.25,0.4,0.67,0.69,0.55,0.44,0.25,0.19,0.3,0.73,1.0,1.0,0.65,0.28,0.44,0.51,0.55,0.51,0.68,0.64,0.67,0.94,0.51,0.18,0.43,0.73,1.0,1.0,0.75,0.55,0.58,0.57,0.56,0.56,0.61,0.49,0.66,0.66,0.32,0.2,0.27,0.68,1.0,1.0,0.73,0.53,0.53,0.47,0.45,0.41,0.37,0.31,0.26,0.38,0.33,0.08,0.19,0.64,1.0,0.82,0.92,0.73,0.75,0.76,0.7,0.69,0.67,0.71,0.68,0.71,0.74,0.58,0.66,0.88,0.9,0.51,0.81,1.0,0.99,1.0,1.0,1.0,1.0,1.0,1.0,1.0,1.0,1.0,1.0,0.91,0.69
dog,"A group of sheep surrounded by three dogs.",0.33,0.35,0.36,0.31,0.31,0.29,0.28,0.22,0.21,0.2,0.17,0.13,0.16,0.1,0.18,0.25,0.25,0.25,0.26,0.26,0.31,0.36,0.37,0.3,0.29,0.24,0.28,0.27,0.24,0.25,0.13,0.1,0.17,0.16,0.16,0.14,0.16,0.19,0.24,0.29,0.32,0.28,0.31,0.36,0.4,0.41,0.37,0.35,0.3,0.29,0.26,0.26,0.26,0.26,0.27,0.28,0.3,0.28,0.31,0.28,0.33,0.36,0.42,0.42,0.37,0.36,0.35,0.33,0.34,0.34,0.34,0.34,0.33,0.34,0.33,0.32,0.31,0.3,0.33,0.33,0.25,0.23,0.21,0.22,0.23,0.22,0.2,0.2,0.22,0.23,0.24,0.24,0.24,0.24,0.24,0.24,0.23,0.2,0.21,0.18,0.16,0.18,0.18,0.18,0.19,0.19,0.18,0.17,0.16,0.16,0.16,0.17,0.22,0.26,0.21,0.13,0.13,0.24,0.29,0.31,0.31,0.32,0.31,0.3,0.28,0.27,0.27,0.25,0.23,0.17,0.18,0.29,0.31,0.35,0.36,0.36,0.38,0.38,0.37,0.4,0.42,0.42,0.42,0.41,0.22,0.44,0.49,0.33,0.45,0.62,0.68,0.43,0.49,0.71,0.7,0.53,0.41,0.45,0.45,0.45,0.28,0.42,0.39,0.55,0.73,0.73,0.63,0.38,0.43,0.49,0.44,0.46,0.44,0.42,0.42,0.42,0.44,0.23,0.29,0.41,0.33,0.28,0.2,0.16,0.27,0.22,0.22,0.31,0.42,0.41,0.41,0.4,0.27,0.19,0.11,0.13,0.04,0.05,0.17,0.18,0.22,0.27,0.28,0.29,0.37,0.38,0.4,0.41,0.16,0.12,0.09,0.06,0.14,0.24,0.21,0.09,0.2,0.43,0.44,0.45,0.42,0.42,0.44,0.44,0.28,0.16,0.11,0.14,0.29,0.35,0.16,0.1,0.13,0.41,0.46,0.46,0.46,0.46,0.47,0.42,0.53,0.39,0.27,0.29,0.31,0.31,0.25,0.26,0.24,0.29,0.35,0.31,0.35,0.29,0.27,0.32
dog,"A man standing next to a dog on the ground.",0.37,0.28,0.37,0.36,0.18,0.16,0.31,0.35,0.34,0.38,0.37,0.68,0.76,0.71,0.57,0.45,0.49,0.33,0.44,0.23,0.08,0.43,0.44,0.37,0.49,0.51,0.41,0.4,0.34,0.53,0.66,0.49,0.58,0.49,0.47,0.21,0.13,0.66,0.61,0.46,0.38,0.32,0.44,0.33,0.33,0.52,0.71,0.53,0.51,0.47,0.5,0.21,0.34,0.73,0.68,0.56,0.35,0.25,0.47,0.23,0.24,0.49,0.74,0.58,0.49,0.53,0.49,0.26,0.31,0.57,0.62,0.45,0.47,0.6,0.56,0.32,0.16,0.4,0.78,0.6,0.2,0.33,0.32,0.24,0.18,0.27,0.4,0.25,0.23,0.36,0.39,0.24,0.14,0.41,0.79,0.62,0.29,0.25,0.27,0.24,0.21,0.27,0.38,0.29,0.11,0.08,0.2,0.28,0.25,0.47,0.8,0.63,0.3,0.31,0.32,0.27,0.24,0.27,0.35,0.29,0.2,0.12,0.3,0.4,0.3,0.47,0.8,0.62,0.32,0.31,0.32,0.31,0.27,0.25,0.33,0.29,0.16,0.12,0.27,0.37,0.29,0.46,0.8,0.64,0.31,0.31,0.34,0.32,0.29,0.25,0.31,0.35,0.27,0.13,0.25,0.36,0.28,0.45,0.8,0.67,0.3,0.31,0.33,0.33,0.28,0.26,0.24,0.52,0.66,0.24,0.22,0.35,0.28,0.42,0.8,0.67,0.29,0.29,0.31,0.3,0.26,0.25,0.26,0.46,0.74,0.31,0.19,0.35,0.27,0.44,0.8,0.65,0.31,0.3,0.29,0.27,0.25,0.27,0.37,0.43,0.58,0.29,0.23,0.36,0.28,0.44,0.86,0.67,0.3,0.28,0.27,0.28,0.28,0.29,0.29,0.36,0.43,0.34,0.32,0.36,0.34,0.42,0.7,0.52,0.31,0.31,0.33,0.35,0.35,0.35,0.36,0.39,0.42,0.39,0.36,0.38,0.38,0.42,0.51,0.44,0.36,0.36,0.38,0.39,0.39,0.4,0.42,0.43,0.46,0.44,0.42,0.42,0.43,0.45,0.53,0.48
dog,"A black dog laying down not watching the TV that is turned on.",0.85,0.51,0.47,0.58,0.64,0.54,0.56,0.51,0.49,0.51,0.49,0.45,0.5,0.56,0.51,0.85,0.5,0.04,0.11,0.2,0.31,0.17,0.15,0.03,0.14,0.36,0.27,0.19,0.13,0.11,0.01,0.51,0.47,0.15,0.25,0.66,0.7,0.82,0.74,0.09,0.31,0.7,0.65,0.64,0.49,0.33,0.19,0.55,0.47,0.21,0.38,0.67,0.81,0.83,0.77,0.1,0.31,0.71,0.62,0.6,0.52,0.42,0.25,0.57,0.45,0.28,0.64,0.71,0.77,0.92,0.88,0.1,0.3,0.7,0.64,0.6,0.55,0.43,0.25,0.58,0.47,0.05,0.21,0.26,0.25,0.3,0.39,0.07,0.28,0.7,0.69,0.67,0.56,0.42,0.33,0.62,0.48,0.0,0.04,0.06,0.08,0.06,0.07,0.05,0.27,0.6,0.54,0.57,0.49,0.4,0.28,0.59,0.47,0.01,0.07,0.09,0.09,0.15,0.15,0.06,0.26,0.64,0.63,0.49,0.38,0.31,0.2,0.58,0.47,0.01,0.16,0.23,0.25,0.33,0.16,0.04,0.25,0.61,0.47,0.18,0.09,0.05,0.01,0.48,0.47,0.02,0.14,0.15,0.15,0.17,0.14,0.07,0.24,0.29,0.09,0.2,0.17,0.04,0.01,0.47,0.47,0.02,0.07,0.09,0.1,0.13,0.27,0.11,0.11,0.09,0.07,0.07,0.07,0.06,0.0,0.47,0.47,0.0,0.09,0.11,0.15,0.17,0.19,0.08,0.07,0.07,0.07,0.07,0.05,0.06,0.0,0.47,0.47,0.0,0.08,0.13,0.18,0.23,0.19,0.06,0.06,0.06,0.05,0.05,0.05,0.06,0.0,0.47,0.46,0.02,0.1,0.13,0.18,0.22,0.16,0.06,0.06,0.06,0.06,0.06,0.06,0.07,0.01,0.46,0.49,0.0,0.02,0.03,0.07,0.08,0.0,0.0,0.0,0.0,0.0,0.0,0.0,0.02,0.0,0.49,0.82,0.49,0.46,0.47,0.47,0.48,0.47,0.47,0.47,0.47,0.47,0.47,0.47,0.46,0.49,0.82
dog,"a dog wearing a scarf and shirt on a leash",0.73,0.78,0.67,0.09,0.07,0.12,0.09,0.29,0.66,0.5,0.59,0.59,0.57,0.55,0.55,0.55,0.77,0.82,0.62,0.09,0.09,0.12,0.11,0.11,0.54,0.59,0.59,0.61,0.59,0.59,0.58,0.56,0.78,0.85,0.46,0.07,0.16,0.24,0.16,0.1,0.38,0.58,0.39,0.57,0.53,0.57,0.59,0.59,0.78,0.74,0.29,0.08,0.51,0.25,0.24,0.17,0.55,0.27,0.1,0.26,0.13,0.57,0.63,0.6,0.69,0.2,0.0,0.22,0.49,0.21,0.27,0.11,0.5,0.27,0.13,0.07,0.15,0.92,0.62,0.55,0.69,0.24,0.07,0.2,0.12,0.22,0.2,0.05,0.17,0.2,0.14,0.05,0.31,0.91,0.56,0.69,0.58,0.56,0.49,0.3,0.03,0.24,0.16,0.08,0.1,0.15,0.17,0.01,0.43,0.63,0.35,0.58,0.53,0.51,0.47,0.51,0.4,0.2,0.16,0.18,0.09,0.27,0.22,0.06,0.68,0.85,0.55,0.67,0.51,0.46,0.51,0.51,0.45,0.14,0.11,0.12,0.16,0.36,0.22,0.28,0.68,0.88,0.6,0.5,0.44,0.49,0.51,0.51,0.5,0.39,0.13,0.12,0.22,0.16,0.21,0.28,0.39,0.42,0.25,0.29,0.52,0.53,0.54,0.57,0.53,0.58,0.44,0.38,0.37,0.47,0.52,0.44,0.48,0.45,0.56,0.45,0.6,0.59,0.59,0.6,0.62,0.59,0.62,0.64,0.64,0.66,0.67,0.69,0.68,0.7,0.69,0.63,0.58,0.59,0.6,0.6,0.62,0.64,0.62,0.63,0.65,0.67,0.66,0.66,0.66,0.65,0.64,0.61,0.65,0.66,0.64,0.67,0.69,0.66,0.66,0.69,0.69,0.69,0.69,0.69,0.69,0.72,0.64,0.66,0.67,0.66,0.69,0.71,0.71,0.67,0.69,0.7,0.7,0.69,0.69,0.68,0.69,0.73,0.63,0.73,0.61,0.66,0.68,0.69,0.69,0.71,0.72,0.69,0.69,0.69,0.71,0.72,0.75,0.71,0.64,0.75
dog,"A grey dog with a black collar sits outside in the sun.",0.82,0.65,0.75,0.69,0.62,0.59,0.48,0.39,0.34,0.37,0.38,0.37,0.37,0.3,0.41,0.42,0.29,0.23,0.32,0.35,0.45,0.73,0.92,0.83,0.66,0.38,0.36,0.36,0.37,0.29,0.41,0.42,0.19,0.22,0.32,0.28,0.29,0.56,0.98,0.98,0.95,0.87,0.81,0.4,0.36,0.29,0.4,0.43,0.11,0.25,0.29,0.31,0.4,0.58,0.62,0.76,0.71,0.78,0.87,0.38,0.35,0.32,0.43,0.45,0.21,0.29,0.28,0.35,0.36,0.22,0.16,0.52,0.62,0.55,0.71,0.36,0.32,0.38,0.47,0.47,0.27,0.31,0.29,0.35,0.34,0.25,0.23,0.37,0.65,0.85,0.92,0.55,0.38,0.34,0.37,0.38,0.29,0.34,0.35,0.36,0.4,0.4,0.34,0.36,0.44,0.47,0.49,0.4,0.49,0.38,0.38,0.38,0.26,0.34,0.37,0.38,0.39,0.33,0.3,0.26,0.25,0.25,0.11,0.05,0.27,0.4,0.38,0.39,0.25,0.33,0.37,0.37,0.31,0.27,0.28,0.25,0.31,0.31,0.22,0.15,0.38,0.34,0.31,0.32,0.28,0.27,0.35,0.38,0.34,0.31,0.31,0.3,0.35,0.36,0.27,0.33,0.75,0.62,0.58,0.61,0.27,0.27,0.29,0.35,0.37,0.32,0.31,0.34,0.34,0.28,0.23,0.39,0.76,0.75,0.72,0.73,0.28,0.33,0.26,0.32,0.37,0.35,0.38,0.36,0.34,0.37,0.47,0.75,0.43,0.52,0.71,0.7,0.27,0.35,0.32,0.29,0.3,0.32,0.35,0.53,0.62,0.34,0.56,0.55,0.29,0.4,0.57,0.58,0.3,0.35,0.33,0.31,0.25,0.3,0.33,0.62,0.56,0.24,0.43,0.38,0.24,0.29,0.24,0.29,0.12,0.28,0.3,0.31,0.32,0.32,0.45,0.7,0.31,0.34,0.49,0.44,0.44,0.49,0.47,0.47,0.04,0.07,0.12,0.15,0.24,0.38,0.45,0.47,0.26,0.29,0.43,0.51,0.57,0.55,0.55,0.55
dog,"An older image of a toddler; dog; and adult doing dishes.",0.23,0.25,0.22,0.2,0.15,0.06,0.04,0.03,0.01,0.06,0.08,0.12,0.04,0.05,0.05,0.06,0.2,0.25,0.22,0.19,0.15,0.07,0.06,0.02,0.09,0.22,0.33,0.17,0.01,0.04,0.07,0.07,0.35,0.36,0.3,0.28,0.25,0.11,0.08,0.0,0.35,0.58,0.45,0.32,0.16,0.15,0.18,0.21,0.51,0.42,0.45,0.46,0.42,0.22,0.29,0.16,0.44,0.59,0.45,0.45,0.4,0.25,0.42,0.36,0.21,0.18,0.29,0.25,0.16,0.14,0.35,0.26,0.46,0.51,0.46,0.44,0.36,0.25,0.35,0.38,0.34,0.26,0.27,0.24,0.22,0.22,0.22,0.13,0.21,0.26,0.13,0.21,0.5,0.35,0.36,0.35,0.23,0.21,0.16,0.16,0.15,0.13,0.11,0.07,0.08,0.05,0.13,0.12,0.23,0.24,0.51,0.56,0.15,0.16,0.16,0.16,0.15,0.13,0.14,0.08,0.09,0.1,0.34,0.4,0.15,0.09,0.22,0.33,0.15,0.15,0.14,0.15,0.15,0.14,0.14,0.05,0.24,0.36,0.3,0.54,0.35,0.04,0.08,0.06,0.14,0.14,0.12,0.13,0.12,0.11,0.12,0.05,0.37,0.52,0.27,0.48,0.31,0.05,0.11,0.09,0.13,0.14,0.15,0.17,0.19,0.21,0.15,0.22,0.51,0.61,0.34,0.4,0.29,0.04,0.1,0.08,0.28,0.3,0.27,0.25,0.22,0.22,0.16,0.33,0.25,0.29,0.18,0.38,0.3,0.04,0.07,0.08,0.24,0.23,0.2,0.28,0.34,0.23,0.23,0.19,0.17,0.26,0.15,0.22,0.22,0.06,0.08,0.09,0.25,0.2,0.3,0.36,0.36,0.27,0.29,0.23,0.2,0.22,0.24,0.24,0.15,0.07,0.11,0.11,0.23,0.29,0.32,0.42,0.38,0.36,0.31,0.32,0.24,0.25,0.33,0.33,0.29,0.23,0.13,0.07,0.18,0.31,0.36,0.45,0.45,0.38,0.32,0.34,0.36,0.35,0.37,0.33,0.33,0.31,0.26,0.17
dog,"there is a man standing on a hill with sheep and two dogs",0.36,0.42,0.4,0.4,0.42,0.38,0.36,0.35,0.35,0.34,0.35,0.33,0.38,0.74,1.0,1.0,0.38,0.47,0.39,0.33,0.36,0.37,0.4,0.4,0.38,0.38,0.36,0.36,0.34,0.32,0.5,0.82,0.42,0.52,0.55,0.53,0.51,0.51,0.55,0.58,0.45,0.39,0.37,0.33,0.35,0.36,0.31,0.33,0.31,0.35,0.48,0.47,0.44,0.54,0.67,0.63,0.26,0.3,0.5,0.5,0.45,0.39,0.36,0.37,0.32,0.29,0.3,0.33,0.29,0.21,0.37,0.44,0.33,0.1,0.27,0.7,0.68,0.65,0.6,0.54,0.45,0.44,0.41,0.42,0.41,0.37,0.31,0.29,0.41,0.35,0.34,0.51,0.6,0.53,0.49,0.65,0.46,0.41,0.38,0.43,0.43,0.45,0.51,0.54,0.49,0.41,0.35,0.34,0.36,0.27,0.19,0.5,0.52,0.43,0.44,0.48,0.45,0.46,0.5,0.53,0.58,0.49,0.43,0.4,0.39,0.36,0.19,0.23,0.58,0.58,0.58,0.59,0.56,0.56,0.42,0.49,0.51,0.49,0.53,0.5,0.47,0.45,0.36,0.33,0.48,0.51,0.51,0.5,0.5,0.51,0.27,0.42,0.54,0.48,0.55,0.56,0.53,0.52,0.47,0.42,0.36,0.47,0.49,0.51,0.51,0.51,0.24,0.45,0.55,0.54,0.53,0.55,0.52,0.52,0.49,0.46,0.35,0.42,0.49,0.49,0.5,0.51,0.36,0.52,0.57,0.56,0.5,0.39,0.47,0.49,0.48,0.48,0.48,0.45,0.47,0.47,0.49,0.51,0.54,0.51,0.48,0.59,0.59,0.64,0.71,0.62,0.57,0.51,0.46,0.44,0.46,0.49,0.49,0.49,0.51,0.53,0.55,0.55,0.38,0.51,0.69,0.72,0.69,0.59,0.38,0.47,0.47,0.46,0.48,0.54,0.54,0.55,0.56,0.4,0.35,0.27,0.19,0.29,0.24,0.25,0.28,0.46,0.24,0.11,0.13,0.38,0.57,0.58,0.59,0.52,0.44,0.37,0.25,0.2,0.21,0.22
dog,"A large dog eating food off of a white plate.",0.54,0.84,0.49,0.62,0.56,0.2,0.26,0.33,0.33,0.29,0.26,0.31,0.31,0.25,0.23,0.21,0.71,0.55,0.47,0.73,0.56,0.25,0.44,0.53,0.58,0.47,0.29,0.32,0.29,0.22,0.2,0.21,0.99,0.7,0.52,0.93,0.53,0.41,0.51,0.57,0.55,0.59,0.49,0.43,0.37,0.31,0.22,0.2,0.99,0.89,0.38,0.64,0.41,0.54,0.61,0.67,0.49,0.54,0.49,0.38,0.39,0.4,0.4,0.29,0.87,0.55,0.44,0.52,0.66,0.57,0.55,0.65,0.59,0.37,0.29,0.29,0.31,0.39,0.45,0.45,0.89,0.53,0.49,0.52,0.68,0.67,0.2,0.41,0.65,0.5,0.22,0.41,0.38,0.54,0.53,0.49,0.9,0.56,0.51,0.51,0.59,0.69,0.55,0.51,0.6,0.59,0.24,0.53,0.48,0.38,0.52,0.51,0.55,0.47,0.43,0.4,0.6,0.73,0.68,0.69,0.47,0.22,0.24,0.39,0.58,0.47,0.49,0.53,0.3,0.25,0.24,0.25,0.56,0.76,0.65,0.57,0.4,0.18,0.27,0.16,0.42,0.59,0.53,0.4,0.15,0.14,0.19,0.16,0.51,0.68,0.44,0.4,0.18,0.15,0.21,0.16,0.16,0.4,0.64,0.58,0.49,0.47,0.42,0.48,0.43,0.33,0.09,0.37,0.54,0.52,0.57,0.6,0.51,0.47,0.39,0.51,0.5,0.35,0.5,0.71,0.47,0.17,0.08,0.33,0.61,0.58,0.46,0.62,0.81,0.8,0.51,0.33,0.43,0.24,0.18,0.35,0.26,0.16,0.21,0.36,0.58,0.42,0.26,0.4,0.63,0.47,0.33,0.56,0.44,0.35,0.22,0.1,0.06,0.05,0.04,0.04,0.07,0.06,0.05,0.06,0.05,0.1,0.22,0.51,0.49,0.47,0.42,0.36,0.31,0.26,0.22,0.2,0.18,0.18,0.2,0.24,0.29,0.36,0.48,0.64,0.53,0.53,0.51,0.49,0.46,0.45,0.44,0.43,0.44,0.43,0.44,0.47,0.52,0.59,0.67,0.69
dog,"A dog pants next to a bowl of water on the ground",0.25,0.27,0.27,0.28,0.28,0.26,0.23,0.24,0.26,0.23,0.25,0.25,0.29,0.35,0.27,0.2,0.26,0.29,0.27,0.28,0.26,0.33,0.53,0.46,0.37,0.4,0.18,0.06,0.12,0.28,0.35,0.26,0.25,0.27,0.25,0.22,0.27,0.54,0.62,0.58,0.36,0.54,0.56,0.19,0.04,0.11,0.27,0.31,0.24,0.24,0.18,0.42,0.64,0.61,0.49,0.59,0.47,0.49,0.6,0.48,0.08,0.04,0.16,0.27,0.1,0.11,0.15,0.45,0.73,0.75,0.57,0.51,0.34,0.47,0.62,0.51,0.25,0.08,0.1,0.2,0.09,0.09,0.15,0.21,0.32,0.42,0.43,0.5,0.31,0.12,0.32,0.58,0.52,0.16,0.13,0.11,0.16,0.21,0.31,0.38,0.35,0.31,0.35,0.37,0.29,0.09,0.27,0.54,0.56,0.22,0.09,0.1,0.24,0.31,0.38,0.42,0.44,0.41,0.66,0.58,0.24,0.09,0.27,0.43,0.58,0.26,0.1,0.14,0.29,0.35,0.32,0.3,0.26,0.15,0.28,0.53,0.38,0.13,0.1,0.31,0.62,0.4,0.22,0.11,0.27,0.32,0.33,0.33,0.26,0.14,0.12,0.37,0.6,0.34,0.08,0.4,0.6,0.5,0.07,0.1,0.28,0.33,0.3,0.29,0.22,0.07,0.1,0.25,0.47,0.4,0.33,0.42,0.5,0.61,0.07,0.1,0.31,0.36,0.47,0.59,0.79,0.82,0.64,0.48,0.35,0.2,0.29,0.47,0.7,0.71,0.36,0.4,0.4,0.46,0.57,0.76,0.95,0.98,0.9,0.69,0.42,0.42,0.77,0.81,0.64,0.64,0.65,0.67,0.5,0.49,0.62,0.81,0.97,0.98,0.92,0.77,0.59,0.91,1.0,0.9,0.72,0.68,0.66,0.66,0.64,0.26,0.2,0.43,0.52,0.64,0.75,0.65,0.44,0.75,0.93,0.82,0.76,0.76,0.73,0.72,0.56,0.15,0.07,0.08,0.14,0.24,0.39,0.25,0.16,0.4,0.67,0.75,0.71,0.72,0.73,0.71
dog,"A dog standing on the back of a brown car.",0.2,0.24,0.34,0.37,0.39,0.4,0.41,0.42,0.42,0.42,0.42,0.42,0.42,0.41,0.36,0.43,0.4,0.33,0.39,0.43,0.44,0.45,0.47,0.47,0.46,0.46,0.47,0.47,0.46,0.45,0.42,0.52,0.55,0.4,0.45,0.48,0.5,0.51,0.53,0.51,0.49,0.49,0.5,0.49,0.49,0.48,0.45,0.55,0.39,0.31,0.35,0.47,0.53,0.54,0.56,0.56,0.52,0.52,0.52,0.51,0.51,0.5,0.47,0.58,0.24,0.21,0.24,0.36,0.47,0.53,0.45,0.5,0.53,0.51,0.53,0.55,0.52,0.5,0.49,0.59,0.32,0.35,0.36,0.37,0.45,0.56,0.57,0.52,0.47,0.43,0.36,0.34,0.5,0.49,0.49,0.61,0.36,0.35,0.4,0.44,0.49,0.56,0.51,0.5,0.43,0.38,0.42,0.31,0.4,0.44,0.49,0.64,0.19,0.16,0.16,0.26,0.27,0.4,0.41,0.58,0.35,0.19,0.13,0.2,0.4,0.36,0.37,0.49,0.1,0.11,0.18,0.31,0.31,0.5,0.44,0.62,0.46,0.17,0.22,0.26,0.43,0.39,0.36,0.35,0.09,0.18,0.28,0.35,0.47,0.62,0.59,0.63,0.51,0.24,0.32,0.3,0.27,0.38,0.29,0.27,0.31,0.35,0.34,0.33,0.25,0.56,0.4,0.45,0.45,0.19,0.25,0.22,0.24,0.2,0.22,0.25,0.33,0.31,0.32,0.3,0.28,0.36,0.28,0.34,0.38,0.27,0.28,0.26,0.2,0.2,0.23,0.24,0.23,0.29,0.2,0.37,0.49,0.45,0.27,0.2,0.29,0.27,0.24,0.28,0.23,0.21,0.25,0.24,0.25,0.29,0.22,0.33,0.45,0.52,0.29,0.15,0.32,0.19,0.2,0.2,0.22,0.19,0.22,0.23,0.35,0.32,0.31,0.29,0.28,0.27,0.27,0.27,0.25,0.24,0.25,0.26,0.27,0.2,0.22,0.23,0.31,0.25,0.23,0.2,0.24,0.29,0.31,0.33,0.34,0.35,0.35,0.35,0.27,0.2,0.22,0.24
dog,"A dog sitting in a basket mounted on the front of a blue bike.",0.43,0.49,0.43,0.23,0.37,0.37,0.31,0.35,0.3,0.28,0.16,0.06,0.13,0.26,0.22,0.13,0.45,0.47,0.44,0.44,0.46,0.43,0.52,0.51,0.43,0.44,0.27,0.18,0.18,0.19,0.18,0.16,0.49,0.49,0.46,0.58,0.58,0.59,0.63,0.64,0.62,0.61,0.46,0.4,0.41,0.38,0.37,0.36,0.52,0.68,0.74,0.62,0.53,0.71,0.55,0.45,0.67,0.59,0.45,0.45,0.47,0.46,0.47,0.47,0.58,0.78,0.69,0.51,0.59,0.75,0.44,0.35,0.63,0.45,0.37,0.48,0.47,0.41,0.38,0.4,0.46,0.56,0.45,0.53,0.69,0.72,0.4,0.31,0.6,0.42,0.37,0.51,0.54,0.51,0.18,0.13,0.57,0.51,0.12,0.35,0.71,0.71,0.44,0.49,0.56,0.42,0.3,0.44,0.51,0.39,0.13,0.31,0.56,0.29,0.13,0.18,0.24,0.27,0.4,0.39,0.51,0.41,0.24,0.38,0.45,0.35,0.46,0.59,0.34,0.24,0.19,0.26,0.21,0.17,0.31,0.34,0.51,0.42,0.25,0.39,0.42,0.41,0.59,0.54,0.32,0.21,0.21,0.21,0.18,0.16,0.26,0.25,0.31,0.38,0.32,0.39,0.31,0.41,0.56,0.5,0.34,0.2,0.29,0.37,0.37,0.2,0.18,0.11,0.11,0.26,0.33,0.34,0.24,0.38,0.43,0.27,0.35,0.2,0.2,0.21,0.19,0.13,0.23,0.32,0.34,0.36,0.3,0.23,0.26,0.33,0.27,0.31,0.33,0.33,0.23,0.22,0.25,0.22,0.32,0.29,0.42,0.43,0.4,0.35,0.41,0.37,0.34,0.36,0.4,0.45,0.32,0.25,0.35,0.34,0.43,0.26,0.4,0.42,0.33,0.44,0.47,0.4,0.31,0.38,0.44,0.46,0.4,0.32,0.4,0.41,0.37,0.31,0.42,0.44,0.4,0.44,0.48,0.45,0.41,0.4,0.45,0.47,0.46,0.39,0.36,0.34,0.35,0.44,0.45,0.46,0.47,0.48,0.5,0.48,0.51,0.52
dog,"a dog is pulling a woman on a bike",0.12,0.2,0.18,0.16,0.16,0.25,0.19,0.17,0.12,0.1,0.1,0.11,0.1,0.12,0.12,0.09,0.09,0.14,0.16,0.08,0.11,0.11,0.17,0.22,0.13,0.11,0.1,0.11,0.11,0.1,0.09,0.1,0.08,0.15,0.17,0.09,0.11,0.12,0.14,0.18,0.13,0.18,0.1,0.1,0.13,0.14,0.13,0.11,0.09,0.15,0.18,0.1,0.15,0.14,0.13,0.11,0.13,0.29,0.16,0.11,0.15,0.2,0.16,0.11,0.07,0.15,0.19,0.12,0.15,0.15,0.14,0.14,0.16,0.36,0.19,0.13,0.2,0.22,0.16,0.12,0.23,0.2,0.19,0.11,0.13,0.12,0.13,0.08,0.18,0.36,0.2,0.18,0.24,0.2,0.19,0.13,0.2,0.19,0.24,0.2,0.25,0.4,0.44,0.48,0.39,0.27,0.22,0.27,0.29,0.18,0.19,0.16,0.16,0.22,0.25,0.68,0.83,0.82,0.83,0.68,0.48,0.42,0.19,0.19,0.22,0.2,0.2,0.16,0.15,0.17,0.22,0.7,0.82,0.74,0.64,0.53,0.26,0.24,0.16,0.31,0.49,0.19,0.14,0.2,0.53,0.39,0.49,0.71,0.58,0.77,0.73,0.8,0.42,0.1,0.09,0.33,0.71,0.18,0.11,0.17,0.82,0.63,0.41,0.46,0.16,0.7,0.78,0.8,0.47,0.14,0.18,0.51,0.73,0.15,0.13,0.27,0.71,0.29,0.2,0.21,0.37,0.77,0.75,0.76,0.35,0.21,0.2,0.47,0.68,0.18,0.23,0.2,0.7,0.28,0.36,0.31,0.52,0.72,0.62,0.51,0.24,0.22,0.22,0.31,0.38,0.16,0.17,0.13,0.53,0.3,0.43,0.54,0.64,0.76,0.77,0.56,0.29,0.44,0.37,0.44,0.44,0.33,0.28,0.17,0.58,0.49,0.5,0.45,0.5,0.63,0.71,0.57,0.49,0.55,0.39,0.4,0.37,0.35,0.29,0.22,0.76,0.74,0.71,0.7,0.67,0.67,0.69,0.71,0.7,0.66,0.66,0.69,0.73,0.76,0.7,0.61
dog,"a black and white dog is in a cage",0.42,0.53,0.53,0.5,0.45,0.45,0.49,0.52,0.53,0.54,0.54,0.52,0.55,0.62,0.54,0.44,0.47,0.57,0.65,0.38,0.54,0.6,0.56,0.55,0.56,0.58,0.57,0.42,0.45,0.6,0.49,0.45,0.43,0.53,0.56,0.35,0.51,0.55,0.55,0.56,0.62,0.67,0.3,0.18,0.09,0.55,0.79,0.69,0.49,0.55,0.51,0.5,0.51,0.49,0.52,0.63,0.7,0.22,0.15,0.11,0.1,0.35,0.67,0.67,0.56,0.64,0.6,0.56,0.6,0.64,0.76,0.51,0.49,0.53,0.3,0.18,0.63,0.59,0.58,0.54,0.51,0.61,0.64,0.65,0.66,0.72,0.68,0.22,0.04,0.59,0.69,0.61,0.67,0.6,0.59,0.62,0.6,0.6,0.55,0.51,0.52,0.6,0.31,0.2,0.22,0.63,0.61,0.53,0.52,0.53,0.55,0.59,0.49,0.57,0.51,0.43,0.51,0.42,0.2,0.29,0.54,0.67,0.56,0.5,0.45,0.53,0.49,0.45,0.51,0.58,0.57,0.46,0.53,0.27,0.51,0.74,0.61,0.53,0.54,0.51,0.38,0.55,0.49,0.45,0.44,0.56,0.51,0.38,0.53,0.36,0.5,0.65,0.49,0.49,0.52,0.51,0.44,0.49,0.48,0.51,0.51,0.66,0.69,0.66,0.62,0.63,0.62,0.65,0.44,0.42,0.6,0.66,0.61,0.58,0.56,0.51,0.51,0.59,0.71,0.8,0.79,0.42,0.26,0.62,0.38,0.4,0.59,0.56,0.5,0.45,0.45,0.48,0.57,0.76,0.74,0.69,0.75,0.72,0.46,0.58,0.64,0.52,0.59,0.5,0.45,0.58,0.61,0.52,0.43,0.65,0.73,0.7,0.7,0.67,0.7,0.61,0.54,0.32,0.52,0.42,0.37,0.5,0.51,0.47,0.4,0.53,0.51,0.55,0.47,0.43,0.44,0.38,0.31,0.47,0.52,0.6,0.53,0.46,0.46,0.48,0.33,0.44,0.36,0.25,0.21,0.29,0.29,0.21,0.23,0.42,0.49,0.47,0.52,0.56,0.58,0.6
dog,"A dog is tied to a fire hydrant.",0.33,0.59,0.62,0.54,0.46,0.36,0.35,0.45,0.45,0.42,0.34,0.38,0.38,0.29,0.38,0.37,0.36,0.35,0.38,0.39,0.33,0.31,0.39,0.44,0.45,0.38,0.36,0.36,0.37,0.36,0.48,0.55,0.27,0.23,0.3,0.41,0.22,0.31,0.37,0.34,0.29,0.31,0.29,0.22,0.22,0.23,0.3,0.4,0.22,0.26,0.36,0.44,0.39,0.36,0.34,0.25,0.4,0.49,0.6,0.62,0.4,0.31,0.29,0.32,0.33,0.31,0.23,0.22,0.44,0.36,0.19,0.29,0.37,0.74,0.67,0.53,0.49,0.45,0.37,0.35,0.4,0.34,0.18,0.33,0.53,0.35,0.33,0.37,0.28,0.73,0.77,0.51,0.31,0.45,0.42,0.35,0.44,0.33,0.35,0.38,0.42,0.29,0.38,0.24,0.27,0.45,0.8,0.62,0.52,0.7,0.64,0.47,0.34,0.46,0.41,0.27,0.41,0.27,0.3,0.33,0.39,0.35,0.49,0.41,0.43,0.37,0.42,0.5,0.43,0.49,0.29,0.19,0.34,0.28,0.29,0.31,0.43,0.37,0.2,0.25,0.35,0.42,0.54,0.54,0.37,0.47,0.35,0.1,0.3,0.22,0.2,0.27,0.25,0.18,0.23,0.49,0.68,0.76,0.89,0.96,0.47,0.55,0.34,0.21,0.38,0.36,0.35,0.45,0.29,0.19,0.27,0.58,0.72,0.51,0.49,0.61,0.45,0.47,0.38,0.28,0.52,0.48,0.47,0.37,0.45,0.44,0.27,0.34,0.47,0.62,0.58,0.51,0.64,0.64,0.5,0.31,0.55,0.44,0.42,0.3,0.31,0.36,0.3,0.43,0.47,0.51,0.61,0.61,0.71,0.7,0.6,0.23,0.44,0.31,0.19,0.53,0.26,0.28,0.33,0.44,0.51,0.47,0.5,0.56,0.72,0.77,0.81,0.62,0.29,0.33,0.47,0.53,0.39,0.62,0.57,0.54,0.5,0.48,0.45,0.47,0.62,0.67,0.71,0.63,0.38,0.36,0.48,0.33,0.51,0.69,0.55,0.5,0.53,0.6,0.58,0.56
dog,"A dog sniffs the base of a fire hydrant.",0.32,0.64,0.5,0.32,0.32,0.21,0.26,0.38,0.5,0.52,0.54,0.55,0.57,0.56,0.54,0.54,0.55,0.57,0.62,0.66,0.62,0.53,0.54,0.65,0.68,0.69,0.67,0.68,0.68,0.69,0.69,0.68,0.68,0.71,0.72,0.74,0.69,0.66,0.58,0.68,0.76,0.74,0.73,0.72,0.73,0.71,0.72,0.73,0.74,0.75,0.75,0.76,0.55,0.51,0.46,0.51,0.75,0.75,0.76,0.76,0.75,0.73,0.75,0.76,0.78,0.78,0.78,0.83,0.64,0.34,0.27,0.65,0.84,0.82,0.79,0.77,0.73,0.86,0.85,0.85,0.85,0.85,0.85,0.83,0.74,0.66,0.58,0.64,0.78,0.82,0.84,0.87,0.75,0.76,0.79,0.8,0.68,0.69,0.71,0.56,0.41,0.58,0.25,0.26,0.56,0.75,0.84,0.92,0.71,0.65,0.72,0.69,0.67,0.67,0.69,0.68,0.51,0.47,0.28,0.4,0.75,0.76,0.74,0.73,0.58,0.67,0.71,0.68,0.65,0.62,0.61,0.64,0.56,0.51,0.46,0.53,0.71,0.69,0.43,0.38,0.53,0.65,0.7,0.69,0.65,0.65,0.65,0.67,0.62,0.57,0.49,0.5,0.58,0.48,0.4,0.58,0.69,0.7,0.67,0.65,0.73,0.74,0.75,0.72,0.66,0.7,0.67,0.48,0.53,0.61,0.49,0.72,0.66,0.73,0.75,0.76,0.73,0.72,0.75,0.75,0.64,0.69,0.7,0.59,0.55,0.49,0.36,0.25,0.49,0.53,0.7,0.68,0.76,0.81,0.77,0.84,0.95,0.94,0.93,0.91,0.76,0.48,0.42,0.5,0.64,0.69,0.71,0.66,0.73,0.72,0.72,0.72,0.71,0.76,0.73,0.73,0.72,0.69,0.75,0.81,0.72,0.7,0.69,0.68,0.77,0.72,0.69,0.69,0.67,0.69,0.71,0.72,0.72,0.69,0.71,0.69,0.69,0.73,0.75,0.7,0.74,0.73,0.74,0.74,0.74,0.73,0.71,0.71,0.66,0.66,0.67,0.67,0.69,0.67,0.67,0.68
